"kode","nama_daftar_isi","halaman_cetak","halaman_pdf_daftar_isi"
"0","TENTARA NASIONAL INDONESIA (TNI) DAN KEPOLISIAN NEGARA REPUBLIK INDONESIA (POLRI)","71","11"
"01","PERWIRA TNI DAN POLRI","72","11"
"011","PERWIRA TNI DAN POLRI","72","11"
"0111","PERWIRA MARKAS BESAR TNI","73","11"
"0112","PERWIRA TNI ANGKATAN DARAT","84","11"
"0113","PERWIRA TNI ANGKATAN LAUT","93","11"
"0114","PERWIRA TNI ANGKATAN UDARA","101","11"
"0115","PERWIRA POLRI","111","11"
"02","BINTARA TNI DAN POLRI","118","11"
"021","BINTARA TNI DAN POLRI","119","11"
"0211","BINTARA MARKAS BESAR TNI","119","11"
"0212","BINTARA TNI ANGKATAN DARAT","120","11"
"0213","BINTARA TNI ANGKATAN LAUT","121","11"
"0214","BINTARA TNI ANGKATAN UDARA","121","11"
"0215","BINTARA POLRI","122","11"
"03","TAMTAMA TNI DAN POLRI","122","11"
"031","TAMTAMA TNI DAN POLRI","123","12"
"0311","TAMTAMA MARKAS BESAR TNI","123","12"
"0312","TAMTAMA TNI ANGKATAN DARAT","124","12"
"0313","TAMTAMA TNI ANGKATAN LAUT","124","12"
"0314","TAMTAMA TNI ANGKATAN UDARA","125","12"
"0315","TAMTAMA POLRI","126","12"
"1","MANAJER","129","12"
"11","PIMPINAN EKSEKUTIF, PEJABAT TINGGI PEMERINTAH, DAN PEJABAT PEMBUAT PERATURAN PERUNDANG-UNDANGAN","129","12"
"111","PEJABAT PEMBUAT PERATURAN PERUNDANG-UNDANGAN DAN PEJABAT TINGGI PEMERINTAH","130","12"
"1111","PEJABAT PEMBUAT PERATURAN PERUNDANG-UNDANGAN","131","12"
"1112","PEJABAT TINGGI PEMERINTAH","135","12"
"1113","KETUA ADAT DAN KEPALA WILAYAH","139","12"
"1114","PIMPINAN ORGANISASI BIDANG KHUSUS","141","12"
"112","PIMPINAN EKSEKUTIF DAN DIREKTUR PELAKSANA","142","12"
"1120","PIMPINAN EKSEKUTIF DAN DIREKTUR PELAKSANA","142","12"
"12","MANAJER ADMINISTRASI DAN KOMERSIAL","146","12"
"121","MANAJER PELAYANAN BISNIS DAN ADMINISTRASI BISNIS","146","12"
"1211","MANAJER KEUANGAN","147","12"
"1212","MANAJER SUMBER DAYA MANUSIA","149","12"
"1213","MANAJER PERENCANAAN DAN KEBIJAKAN","151","12"
"1219","MANAJER PELAYANAN BISNIS DAN ADMINISTRASI BISNIS YTDL","154","12"
"122","MANAJER PENJUALAN, PEMASARAN, DAN PENGEMBANGAN USAHA","157","12"
"1221","MANAJER PENJUALAN DAN PEMASARAN","157","12"
"1222","MANAJER PERIKLANAN DAN HUBUNGAN MASYARAKAT","159","12"
"1223","MANAJER PENELITIAN DAN PENGEMBANGAN","161","12"
"13","MANAJER PRODUKSI DAN PELAYANAN KHUSUS","164","12"
"131","MANAJER PRODUKSI PERTANIAN, KEHUTANAN, DAN PERIKANAN","165","12"
"1311","MANAJER PRODUKSI PERTANIAN DAN KEHUTANAN","165","12"
"1312","MANAJER PRODUKSI PENANGKAPAN DAN BUDIDAYA IKAN","172","12"
"132","MANAJER MANUFAKTUR, PERTAMBANGAN, KONSTRUKSI, DAN DISTRIBUSI","174","12"
"1321","MANAJER MANUFAKTUR","174","12"
"1322","MANAJER PERTAMBANGAN DAN PENGGALIAN","177","12"
"1323","MANAJER KONSTRUKSI","179","12"
"1324","MANAJER PENGADAAN, DISTRIBUSI, DAN YBDI","180","12"
"133","MANAJER LAYANAN TEKNOLOGI INFORMASI DAN KOMUNIKASI","185","12"
"1330","MANAJER LAYANAN TEKNOLOGI INFORMASI DAN KOMUNIKASI","185","12"
"134","MANAJER JASA PROFESIONAL","190","12"
"1341","MANAJER JASA PENITIPAN ANAK","190","12"
"1342","MANAJER JASA KESEHATAN","191","12"
"1343","MANAJER JASA PERAWATAN LANJUT USIA","194","12"
"1344","MANAJER KESEJAHTERAAN SOSIAL","197","12"
"1345","MANAJER PENDIDIKAN","200","13"
"1346","MANAJER JASA KEUANGAN DAN ASURANSI","205","13"
"1349","MANAJER JASA PROFESIONAL LAINNYA","208","13"
"14","MANAJER JASA PERHOTELAN, PERDAGANGAN, DAN JASA LAINNYA","212","13"
"141","MANAJER HOTEL DAN PENYEDIAAN MAKANAN DAN MINUMAN","212","13"
"1411","MANAJER HOTEL","213","13"
"1412","MANAJER PENYEDIAAN MAKANAN DAN MINUMAN","215","13"
"142","MANAJER PERDAGANGAN BESAR DAN ECERAN","217","13"
"1420","MANAJER PERDAGANGAN BESAR DAN ECERAN","218","13"
"143","MANAJER JASA LAINNYA","220","13"
"1431","MANAJER PUSAT OLAHRAGA, REKREASI, DAN BUDAYA","220","13"
"1439","MANAJER JASA LAINNYA YTDL","223","13"
"2","PROFESIONAL","231","13"
"21","AHLI ILMU PENGETAHUAN DAN TEKNIK","231","13"
"211","AHLI FISIKA DAN ILMU BUMI","232","13"
"2111","AHLI FISIKA DAN ASTRONOMI","233","13"
"2112","AHLI METEOROLOGI DAN KLIMATOLOGI","237","13"
"2113","AHLI KIMIA","239","13"
"2114","AHLI GEOLOGI DAN GEOFISIKA","242","13"
"212","AHLI MATEMATIKA, AKTUARIA, DAN STATISTIKA","245","13"
"2120","AHLI MATEMATIKA, AKTUARIA, DAN STATISTIKA","246","13"
"213","AHLI ILMU PENGETAHUAN HAYATI","249","13"
"2131","AHLI BIOLOGI, BOTANI, ZOOLOGI, DAN YBDI","250","13"
"2132","PENASIHAT PERTANIAN, KEHUTANAN, DAN PERIKANAN","256","13"
"2133","AHLI PERLINDUNGAN LINGKUNGAN","260","13"
"214","AHLI TEKNIK (SELAIN AHLI TEKNOLOGI ELEKTRO)","267","13"
"2141","AHLI TEKNIK INDUSTRI DAN PRODUKSI","267","13"
"2142","AHLI TEKNIK SIPIL","269","13"
"2143","AHLI TEKNIK LINGKUNGAN","273","13"
"2144","AHLI TEKNIK MEKANIKA","275","13"
"2145","AHLI TEKNIK KIMIA","279","13"
"2146","AHLI TEKNIK PERTAMBANGAN, METALURGI, DAN YBDI","280","13"
"2149","AHLI TEKNIK LAINNYA YTDL","284","13"
"215","AHLI TEKNIK TEKNOLOGI ELEKTRO","289","13"
"2151","AHLI TEKNIK LISTRIK","290","13"
"2152","AHLI TEKNIK ELEKTRONIK","291","13"
"2153","AHLI TEKNIK TELEKOMUNIKASI","293","13"
"216","ARSITEK, PERENCANA, SURVEYOR, DAN DESAINER","295","13"
"2161","ARSITEK BANGUNAN","296","13"
"2162","ARSITEK PERTAMANAN/LANSKAP","297","13"
"2163","DESAINER PRODUK DAN PAKAIAN JADI","299","13"
"2164","PERENCANA TATA KOTA DAN LALU LINTAS","302","13"
"2165","AHLI PEMETAAN DAN SURVEYOR","304","13"
"2166","DESAINER GRAFIS DAN MULTIMEDIA","308","14"
"22","PROFESIONAL KESEHATAN","311","14"
"221","DOKTER MEDIS","312","14"
"2211","PRAKTISI DOKTER UMUM","313","14"
"2212","PRAKTISI DOKTER SPESIALIS","315","14"
"222","PROFESIONAL KEPERAWATAN DAN KEBIDANAN","323","14"
"2221","PROFESIONAL KEPERAWATAN","324","14"
"2222","PROFESIONAL KEBIDANAN","328","14"
"223","PROFESIONAL PENGOBATAN TRADISIONAL DAN KOMPLEMENTER","330","14"
"2230","PROFESIONAL PENGOBATAN TRADISIONAL DAN KOMPLEMENTER","330","14"
"224","PRAKTISI PARAMEDIS","334","14"
"2240","PRAKTISI PARAMEDIS","334","14"
"225","DOKTER HEWAN","336","14"
"2250","DOKTER HEWAN","337","14"
"226","PROFESIONAL KESEHATAN LAINNYA","339","14"
"2261","DOKTER GIGI","340","14"
"2262","APOTEKER","344","14"
"2263","AHLI KESEHATAN DAN KEBERSIHAN LINGKUNGAN KERJA","345","14"
"2264","AHLI FISIOTERAPI","349","14"
"2265","AHLI DIET DAN GIZI","351","14"
"2266","AHLI TERAPI PENDENGARAN DAN TERAPI BICARA","353","14"
"2267","AHLI OPTOMETRIK DAN OPTIK OFTALMIK","355","14"
"2269","AHLI KESEHATAN YTDL","356","14"
"23","PROFESIONAL PENDIDIKAN","357","14"
"231","DOSEN UNIVERSITAS DAN PENDIDIKAN TINGGI","358","14"
"2310","DOSEN UNIVERSITAS DAN PENDIDIKAN TINGGI","359","14"
"232","PENGAJAR PENDIDIKAN KEJURUAN","363","14"
"2320","PENGAJAR PENDIDIKAN KEJURUAN","364","14"
"233","GURU PENDIDIKAN MENENGAH","366","14"
"2330","GURU PENDIDIKAN MENENGAH","366","14"
"234","GURU SEKOLAH DASAR DAN ANAK USIA DINI","368","14"
"2341","GURU SEKOLAH DASAR","368","14"
"2342","GURU ANAK USIA DINI","369","14"
"235","PROFESIONAL BIDANG PENDIDIKAN LAINNYA","371","14"
"2351","SPESIALIS METODE PENDIDIKAN","372","14"
"2352","GURU SISWA BERKEBUTUHAN KHUSUS","374","14"
"2353","GURU KURSUS BAHASA","375","14"
"2354","GURU KURSUS MUSIK","376","14"
"2355","GURU KURSUS SENI","378","14"
"2356","PENGAJAR TEKNOLOGI INFORMASI","380","14"
"2359","PROFESIONAL BIDANG PENDIDIKAN LAINNYA YTDL","381","14"
"24","PROFESIONAL BISNIS DAN ADMINISTRASI","383","14"
"241","PROFESIONAL KEUANGAN","383","14"
"2411","AKUNTAN","384","14"
"2412","KONSULTAN KEUANGAN DAN INVESTASI","387","15"
"2413","ANALIS KEUANGAN","388","15"
"242","PROFESIONAL ADMINISTRASI","389","15"
"2421","ANALIS MANAJEMEN DAN ORGANISASI","389","15"
"2422","PROFESIONAL KEBIJAKAN ADMINISTRASI","391","15"
"2423","PROFESIONAL PERSONALIA DAN KARIER","392","15"
"2424","PROFESIONAL PELATIHAN DAN PENGEMBANGAN STAF","395","15"
"243","PROFESIONAL PENJUALAN, PEMASARAN, DAN HUBUNGAN MASYARAKAT","397","15"
"2431","PROFESIONAL PERIKLANAN DAN PEMASARAN","397","15"
"2432","PROFESIONAL HUBUNGAN MASYARAKAT","399","15"
"2433","PROFESIONAL PENJUALAN PRODUK TEKNIK DAN MEDIS (SELAIN TIK)","400","15"
"2434","PROFESIONAL PENJUALAN PRODUK TEKNOLOGI INFORMASI DAN KOMUNIKASI","402","15"
"25","PROFESIONAL TEKNOLOGI INFORMASI DAN KOMUNIKASI","403","15"
"251","ANALIS DAN PENGEMBANG PERANGKAT LUNAK SERTA APLIKASI","404","15"
"2511","ANALIS SISTEM","404","15"
"2512","PENGEMBANG PERANGKAT LUNAK","406","15"
"2513","PENGEMBANG WEB DAN MULTIMEDIA","408","15"
"2514","PEMROGRAM APLIKASI","412","15"
"2515","AHLI KRIPTOGRAFI","412","15"
"2519","ANALIS DAN PENGEMBANG PERANGKAT LUNAK DAN APLIKASI YTDL","414","15"
"252","PROFESIONAL BASIS DATA DAN JARINGAN","416","15"
"2521","PENGELOLA DAN DESAINER BASIS DATA","416","15"
"2522","PENGELOLA SISTEM","418","15"
"2523","PROFESIONAL JARINGAN KOMPUTER","419","15"
"2529","PROFESIONAL BASIS DATA DAN JARINGAN YTDL","421","15"
"26","PROFESIONAL HUKUM, SOSIAL, DAN BUDAYA","423","15"
"261","PROFESIONAL HUKUM","424","15"
"2611","PENGACARA","424","15"
"2612","HAKIM","427","15"
"2619","PROFESIONAL HUKUM YTDL","429","15"
"262","PUSTAKAWAN, ARSIPARIS, DAN KURATOR","430","15"
"2621","ARSIPARIS DAN KURATOR","430","15"
"2622","PUSTAKAWAN DAN PROFESIONAL INFORMASI YBDI","432","15"
"263","PROFESIONAL SOSIAL DAN KEAGAMAAN","434","15"
"2631","AHLI EKONOMI","434","15"
"2632","AHLI SOSIOLOGI, ANTROPOLOGI, DAN PROFESIONAL YBDI","437","15"
"2633","AHLI FILSAFAT, SEJARAWAN, DAN AHLI POLITIK","439","15"
"2634","PSIKOLOG","441","15"
"2635","PROFESIONAL KONSELING DAN PEKERJA SOSIAL","444","15"
"2636","PROFESIONAL PEMIMPIN KEAGAMAAN","449","15"
"264","PENULIS, WARTAWAN, DAN AHLI BAHASA","450","15"
"2641","PENGARANG DAN PENULIS YBDI","451","15"
"2642","WARTAWAN","455","15"
"2643","PENERJEMAH, ALIH BAHASA, DAN PROFESIONAL BAHASA LAINNYA","459","16"
"265","SENIMAN KREATIF DAN PERTUNJUKAN","461","16"
"2651","SENIMAN VISUAL","461","16"
"2652","MUSISI, PENYANYI, DAN KOMPOSER","464","16"
"2653","PENARI DAN KOREOGRAFER","466","16"
"2654","PRODUSER DAN SUTRADARA FILM, PEMENTASAN, DAN YBDI","467","16"
"2655","AKTOR","471","16"
"2656","PENYIAR RADIO, TELEVISI, DAN MEDIA LAINNYA","472","16"
"2659","SENIMAN KREATIF DAN PERTUNJUKAN YTDL","474","16"
"3","TEKNISI DAN ASISTEN PROFESIONAL","479","16"
"31","ASISTEN AHLI ILMU PENGETAHUAN DAN TEKNIK","479","16"
"311","TEKNISI ILMU FISIKA DAN TEKNIK","480","16"
"3111","TEKNISI ILMU KIMIA DAN FISIKA","480","16"
"3112","TEKNISI SIPIL","483","16"
"3113","AHLI TEKNIK LISTRIK","491","16"
"3114","TEKNISI ELEKTRONIK","493","16"
"3115","TEKNISI MEKANIS","494","16"
"3116","TEKNISI KIMIA","498","16"
"3117","TEKNISI PERTAMBANGAN DAN METALURGI","499","16"
"3118","JURU GAMBAR TEKNIK","502","16"
"3119","TEKNISI ILMU FISIKA DAN TEKNIK YTDL","504","16"
"312","SUPERVISOR PERTAMBANGAN, INDUSTRI PENGOLAHAN, DAN KONSTRUKSI","507","16"
"3121","SUPERVISOR PERTAMBANGAN","508","16"
"3122","SUPERVISOR INDUSTRI PENGOLAHAN","509","16"
"3123","SUPERVISOR KONSTRUKSI","512","16"
"313","TEKNISI PENGAWASAN PROSES","513","16"
"3131","OPERATOR MESIN PRODUKSI TENAGA LISTRIK","514","16"
"3132","OPERATOR BANGUNAN PEMBAKARAN SAMPAH (INSINERATOR) DAN PENGOLAHAN AIR","519","16"
"3133","PENGAWAS MESIN PENGOLAHAN BAHAN KIMIA","524","16"
"3134","PENGAWAS MESIN PENGILANGAN MINYAK BUMI DAN GAS ALAM","527","16"
"3135","PENGAWAS PROSES PRODUKSI LOGAM","529","16"
"3139","TEKNISI PROSES KONTROL YTDL","531","16"
"314","TEKNISI ILMU HAYATI DAN ASISTEN PROFESIONAL YBDI","532","16"
"3141","TEKNISI ILMU HAYATI (SELAIN KEDOKTERAN)","532","16"
"3142","TEKNISI PERTANIAN","536","16"
"3143","TEKNISI KEHUTANAN","539","16"
"315","PENGAWAS DAN TEKNISI KAPAL DAN PESAWAT UDARA","542","16"
"3151","TEKNISI KAPAL","542","16"
"3152","NAKHODA DAN PERWIRA GELADAK KAPAL","543","16"
"3153","PILOT DAN PROFESIONAL YBDI","544","16"
"3154","PENGAWAS LALU LINTAS UDARA","548","16"
"3155","TEKNISI PERANGKAT ELEKTRONIK KESELAMATAN LALU LINTAS UDARA","549","16"
"32","ASISTEN PROFESIONAL KESEHATAN","550","17"
"321","TEKNISI MEDIS DAN FARMASI","551","17"
"3211","TEKNISI PERALATAN PEREKAM MEDIS DAN TERAPEUTIK","551","17"
"3212","TEKNISI LABORATORIUM MEDIS DAN PATOLOGI","555","17"
"3213","TEKNISI FARMASI DAN ASISTEN APOTEKER","557","17"
"3214","TEKNISI PROSTETIK MEDIS DAN GIGI","559","17"
"322","ASISTEN PROFESIONAL KEPERAWATAN DAN KEBIDANAN","562","17"
"3221","ASISTEN PROFESIONAL KEPERAWATAN","562","17"
"3222","ASISTEN PROFESIONAL KEBIDANAN","565","17"
"323","ASISTEN PROFESIONAL PENGOBATAN TRADISIONAL DAN KOMPLEMENTER","567","17"
"3230","ASISTEN PROFESIONAL PENGOBATAN TRADISIONAL DAN KOMPLEMENTER","568","17"
"324","TEKNISI DAN ASISTEN KEDOKTERAN HEWAN","571","17"
"3240","TEKNISI DAN ASISTEN KEDOKTERAN HEWAN","571","17"
"325","ASISTEN PROFESIONAL KESEHATAN LAINNYA","574","17"
"3251","ASISTEN DAN TERAPIS GIGI","575","17"
"3252","TEKNISI INFORMASI KESEHATAN DAN REKAM MEDIS","577","17"
"3253","PEKERJA KESEHATAN MASYARAKAT","578","17"
"3254","OPTISIEN","580","17"
"3255","TEKNISI DAN ASISTEN FISIOTERAPI","582","17"
"3256","ASISTEN MEDIS","586","17"
"3257","ASISTEN DAN PENGAWAS KESEHATAN LINGKUNGAN DAN PEKERJAAN","588","17"
"3258","PEKERJA AMBULANS","590","17"
"3259","ASISTEN PROFESIONAL KESEHATAN YTDL","592","17"
"33","ASISTEN PROFESIONAL BISNIS DAN ADMINISTRASI","594","17"
"331","ASISTEN PROFESIONAL KEUANGAN DAN MATEMATIKA","594","17"
"3311","DEALER DAN PIALANG SEKURITAS DAN KEUANGAN","595","17"
"3312","PETUGAS KREDIT DAN PINJAMAN","597","17"
"3313","ASISTEN PROFESIONAL AKUNTANSI","598","17"
"3314","ASISTEN PROFESIONAL STATISTIKA, MATEMATIKA, DAN YBDI","599","17"
"3315","JURU TAKSIR NILAI DAN KERUGIAN","601","17"
"332","AGEN DAN PERANTARA PENJUALAN DAN PEMBELIAN","603","17"
"3321","PERWAKILAN ASURANSI","603","17"
"3322","PERWAKILAN PENJUALAN KOMERSIAL","604","17"
"3323","JURU PEMBELIAN","607","17"
"3324","PIALANG PERDAGANGAN","609","17"
"333","AGEN JASA BISNIS","611","17"
"3331","AGEN KLIRING DAN PENGIRIMAN","611","17"
"3332","PERENCANA KONFERENSI DAN ACARA","613","17"
"3333","AGEN DAN KONTRAKTOR TENAGA KERJA","614","17"
"3334","AGEN REAL ESTAT DAN MANAJER PROPERTI","616","17"
"3339","AGEN JASA BISNIS YTDL","618","17"
"334","SEKRETARIS ADMINISTRASI DAN KHUSUS","620","17"
"3341","SUPERVISOR KANTOR","621","17"
"3342","SEKRETARIS HUKUM","623","18"
"3343","SEKRETARIS ADMINISTRASI DAN EKSEKUTIF","625","18"
"3344","SEKRETARIS MEDIS","628","18"
"335","PROFESIONAL PEMERINTAHAN","630","18"
"3351","PENGAWAS BEA CUKAI DAN PERBATASAN","631","18"
"3352","PETUGAS PAJAK DAN RETRIBUSI PEMERINTAH","634","18"
"3353","PEGAWAI PEMERINTAH BIDANG JAMINAN SOSIAL","635","18"
"3354","PEGAWAI PEMERINTAH BIDANG PERIZINAN","636","18"
"3359","PROFESIONAL PEMERINTAHAN YTDL","637","18"
"34","ASISTEN PROFESIONAL HUKUM, SOSIAL, BUDAYA, DAN YBDI","640","18"
"341","ASISTEN PROFESIONAL HUKUM, SOSIAL, DAN KEAGAMAAN","640","18"
"3411","ASISTEN PROFESIONAL HUKUM DAN YBDI","641","18"
"3412","ASISTEN PROFESIONAL PEKERJAAN SOSIAL","644","18"
"3413","ASISTEN PROFESIONAL KEAGAMAAN","646","18"
"342","PEKERJA OLAHRAGA DAN KEBUGARAN","649","18"
"3421","ATLET DAN OLAHRAGAWAN","649","18"
"3422","PELATIH, INSTRUKTUR, DAN KRU OLAHRAGA","650","18"
"3423","INSTRUKTUR DAN PELATIH PROGRAM KEBUGARAN DAN REKREASI","653","18"
"343","ASISTEN PROFESIONAL KESENIAN, BUDAYA, DAN KULINER","655","18"
"3431","FOTOGRAFER","656","18"
"3432","DESAINER DAN DEKORATOR INTERIOR","658","18"
"3433","TEKNISI GALERI, MUSEUM, DAN PERPUSTAKAAN","660","18"
"3434","CHEF","662","18"
"3435","ASISTEN PROFESIONAL KESENIAN DAN BUDAYA LAINNYA","663","18"
"35","TEKNISI INFORMASI DAN KOMUNIKASI","670","18"
"351","TEKNISI OPERASI TEKNOLOGI INFORMASI DAN KOMUNIKASI DAN PENDUKUNG PENGGUNA","670","18"
"3511","TEKNISI OPERASI TEKNOLOGI INFORMASI DAN KOMUNIKASI","671","18"
"3512","TEKNISI PENDUKUNG PENGGUNAAN TEKNOLOGI INFORMASI DAN KOMUNIKASI","673","18"
"3513","TEKNISI JARINGAN DAN SISTEM KOMPUTER","674","18"
"3514","TEKNISI WEB","675","18"
"352","TEKNISI TELEKOMUNIKASI DAN PENYIARAN","677","18"
"3521","TEKNISI PENYIARAN DAN AUDIO-VISUAL","677","18"
"3522","TEKNISI REKAYASA TELEKOMUNIKASI","680","18"
"4","TENAGA TATA USAHA","685","18"
"41","TENAGA TATA USAHA PERKANTORAN UMUM","685","18"
"411","TENAGA PERKANTORAN UMUM","685","18"
"4110","TENAGA PERKANTORAN UMUM","686","18"
"412","SEKRETARIS","686","18"
"4120","SEKRETARIS","687","18"
"413","JURU KETIK","688","18"
"4131","JURU KETIK DAN OPERATOR MESIN PENGOLAH KATA","688","18"
"4132","PETUGAS ENTRI DATA","690","19"
"42","TENAGA TATA USAHA PELAYANAN PELANGGAN","691","19"
"421","TELLER, KOLEKTOR UANG, DAN YBDI","691","19"
"4211","TELLER BANK DAN YBDI","692","19"
"4212","JURU GADAI DAN PEMBERI PINJAMAN UANG","693","19"
"4213","PENAGIH HUTANG DAN YBDI","694","19"
"4219","TELLER, KOLEKTOR UANG, DAN YBDI LAINNYA","695","19"
"422","TENAGA TATA USAHA INFORMASI PELANGGAN","696","19"
"4221","TENAGA TATA USAHA PERJALANAN DAN KONSULTAN PERJALANAN","696","19"
"4222","TENAGA TATA USAHA INFORMASI PUSAT KONTAK","698","19"
"4223","OPERATOR TELEPON","699","19"
"4224","RESEPSIONIS HOTEL","700","19"
"4225","TENAGA TATA USAHA PENERANGAN","701","19"
"4226","RESEPSIONIS","702","19"
"4227","PEWAWANCARA SURVEI DAN PENELITIAN PASAR","703","19"
"4229","TENAGA TATA USAHA INFORMASI PELANGGAN YTDL","704","19"
"43","TENAGA TATA USAHA PENGHITUNGAN DAN PENCATATAN DOKUMEN","705","19"
"431","TENAGA TATA USAHA PENGHITUNGAN","705","19"
"4311","JURU TATA USAHA AKUNTANSI DAN PEMBUKUAN","706","19"
"4312","JURU TATA USAHA STATISTIK, KEUANGAN, DAN ASURANSI","707","19"
"4313","JURU TATA USAHA PENGGAJIAN","710","19"
"432","TENAGA TATA USAHA PENCATATAN BARANG DAN TRANSPORTASI","711","19"
"4321","JURU TATA USAHA PERGUDANGAN","711","19"
"4322","JURU TATA USAHA PRODUKSI","713","19"
"4323","JURU TATA USAHA TRANSPORTASI","714","19"
"44","TENAGA TATA USAHA LAINNYA","716","19"
"441","TENAGA TATA USAHA LAINNYA","716","19"
"4411","JURU TATA USAHA PERPUSTAKAAN","716","19"
"4412","JURU TATA USAHA PENGIRIMAN DAN PENYORTIRAN SURAT","717","19"
"4413","JURU KODE, JURU KOREKSI, DAN YBDI","718","19"
"4414","JURU TULIS DAN YBDI","719","19"
"4415","JURU TATA USAHA PENGARSIPAN DAN PENGGANDAAN","720","19"
"4416","JURU TATA USAHA PERSONALIA","721","19"
"4419","JURU TATA USAHA YTDL","722","19"
"5","TENAGA USAHA JASA DAN TENAGA PENJUALAN","727","19"
"51","TENAGA USAHA JASA PERORANGAN","727","19"
"511","TENAGA PELAYANAN PERJALANAN, KONDEKTUR, DAN PRAMUWISATA","728","19"
"5111","TENAGA PELAYANAN PERJALANAN","728","19"
"5112","KONDEKTUR TRANSPORTASI","730","19"
"5113","PRAMUWISATA","731","19"
"512","JURU MASAK","733","19"
"5120","JURU MASAK","734","19"
"513","PRAMUSAJI DAN PRAMUTAMA BAR/BARTENDER","735","19"
"5131","PRAMUSAJI","735","20"
"5132","PRAMUTAMA BAR/BARTENDER","736","20"
"514","PENATA RAMBUT, PERAWAT KECANTIKAN/BEAUTICIAN, DAN YBDI","737","20"
"5141","PENATA RAMBUT","737","20"
"5142","PERAWAT KECANTIKAN/BEAUTICIAN DAN YBDI","738","20"
"515","TENAGA PENGAWAS GEDUNG DAN KERUMAHTANGGAAN","740","20"
"5151","PENGAWAS KEBERSIHAN DAN KERUMAHTANGGAAN DI KANTOR, HOTEL, DAN BANGUNAN LAINNYA","740","20"
"5152","PENGURUS KERUMAHTANGGAAN","742","20"
"5153","PENGELOLA GEDUNG","743","20"
"516","TENAGA USAHA JASA PERORANGAN LAINNYA","745","20"
"5161","ASTROLOG, PERAMAL, DAN YBDI","745","20"
"5162","AJUDAN DAN PELAYAN PRIBADI","747","20"
"5163","PENGURUS PEMBALSEMAN DAN PEMAKAMAN JENAZAH","748","20"
"5164","PELATIH DAN PEKERJA PERAWATAN HEWAN","749","20"
"5165","INSTRUKTUR MENGEMUDI","751","20"
"5169","TENAGA USAHA JASA PERORANGAN YTDL","752","20"
"52","TENAGA PENJUALAN","753","20"
"521","PEDAGANG PASAR DAN KAKI LIMA","753","20"
"5211","PEDAGANG DI KIOS DAN LOS PASAR","754","20"
"5212","PEDAGANG MAKANAN KAKI LIMA","756","20"
"522","PEDAGANG TOKO","756","20"
"5221","PEMILIK TOKO","757","20"
"5222","SUPERVISOR TOKO","758","20"
"5223","ASISTEN PENJUALAN TOKO","760","20"
"523","KASIR DAN PETUGAS TIKET","761","20"
"5230","KASIR DAN PETUGAS TIKET","762","20"
"524","PEKERJA PENJUALAN LAINNYA","763","20"
"5241","MODEL FESYEN DAN MODEL LAINNYA","764","20"
"5242","PERAGA PENJUALAN","765","20"
"5243","PEDAGANG RUMAH KE RUMAH","766","20"
"5244","PEDAGANG MELALUI PUSAT INFORMASI","767","20"
"5245","PETUGAS STASIUN PENGISIAN BAHAN BAKAR","768","20"
"5246","PETUGAS KONTER LAYANAN MAKANAN","770","20"
"5249","PEKERJA PENJUALAN YTDL","771","20"
"53","TENAGA PERAWATAN PRIBADI","772","20"
"531","PEKERJA PERAWATAN ANAK DAN ASISTEN PENGAJAR","772","20"
"5311","PEKERJA PERAWATAN ANAK","772","20"
"5312","ASISTEN PENGAJAR","774","20"
"532","PEKERJA PERAWATAN PRIBADI DALAM JASA KESEHATAN","775","20"
"5321","ASISTEN PERAWATAN KESEHATAN","776","20"
"5322","PEKERJA PERAWATAN PRIBADI DI RUMAH","778","20"
"5329","PEKERJA PERAWATAN PRIBADI DALAM JASA KESEHATAN YTDL","781","20"
"54","TENAGA USAHA JASA PERLINDUNGAN","783","20"
"541","TENAGA USAHA JASA PERLINDUNGAN","783","21"
"5411","PETUGAS PEMADAM KEBAKARAN","784","21"
"5413","PENJAGA LEMBAGA PEMASYARAKATAN","785","21"
"5414","PENJAGA KEAMANAN","786","21"
"5419","TENAGA USAHA JASA PERLINDUNGAN YTDL","788","21"
"6","PEKERJA TERAMPIL PERTANIAN, KEHUTANAN, DAN PERIKANAN","793","21"
"61","PEKERJA TERAMPIL PERTANIAN BERORIENTASI PASAR","793","21"
"611","PEKERJA PERTANIAN DAN PERKEBUNAN","794","21"
"6111","PEKERJA PERTANIAN TANAMAN PANGAN DAN TANAMAN SEMUSIM","794","21"
"6112","PEKERJA PERTANIAN TANAMAN TAHUNAN DAN TANAMAN SEMAK","797","21"
"6113","PEKERJA PERTANIAN TANAMAN KEBUN BIBIT DAN TANAMAN TAMAN","800","21"
"6114","PEKERJA PERTANIAN TANAMAN CAMPURAN (TUMPANG SARI)","802","21"
"612","PEKERJA PETERNAKAN","803","21"
"6121","PEKERJA PETERNAKAN HEWAN BESAR DAN KECIL SERTA PENGHASIL SUSU","804","21"
"6122","PEKERJA PETERNAKAN UNGGAS","810","21"
"6123","PEKERJA PETERNAKAN LEBAH DAN ULAT SUTRA","811","21"
"6129","PEKERJA PETERNAKAN YTDL","812","21"
"613","PEKERJA CAMPURAN PERTANIAN DAN PETERNAKAN","814","21"
"6130","PEKERJA CAMPURAN PERTANIAN DAN PETERNAKAN","815","21"
"62","PEKERJA TERAMPIL KEHUTANAN, PERIKANAN, DAN PERBURUAN BERORIENTASI PASAR","816","21"
"621","PEKERJA KEHUTANAN DAN YBDI","817","21"
"6210","PEKERJA KEHUTANAN DAN YBDI","817","21"
"622","PEKERJA PERIKANAN, PERBURUAN, DAN PENANGKAPAN SATWA LIAR","820","21"
"6221","PEKERJA BUDIDAYA PERIKANAN","821","21"
"6222","PEKERJA PERIKANAN TANGKAP DI PERAIRAN UMUM DAN PESISIR","824","21"
"6223","PEKERJA PERIKANAN TANGKAP DI LAUT DALAM","825","21"
"6224","PEMBURU DAN PENANGKAPAN SATWA LIAR","827","21"
"63","PETANI, NELAYAN, PEMBURU, DAN PENGUMPUL SUBSISTEN","828","21"
"631","PETANI SUBSISTEN","828","21"
"6310","PETANI SUBSISTEN","829","21"
"632","PETERNAK SUBSISTEN","830","21"
"6320","PETERNAK SUBSISTEN","830","21"
"633","PETANI DAN PETERNAK (CAMPURAN) SUBSISTEN","831","21"
"6330","PETANI DAN PETERNAK (CAMPURAN) SUBSISTEN","832","21"
"634","NELAYAN, PEMBURU, PENANGKAP, DAN PENGUMPUL SUBSISTEN","833","21"
"6340","NELAYAN, PEMBURU, PENANGKAP, DAN PENGUMPUL SUBSISTEN","833","21"
"7","PEKERJA PENGOLAHAN, KERAJINAN, DAN YBDI","839","21"
"71","PEKERJA BANGUNAN DAN YBDI, SELAIN PEKERJA KELISTRIKAN","839","21"
"711","PEKERJA KERANGKA BANGUNAN DAN YBDI","840","21"
"7111","PEKERJA BANGUNAN RUMAH","841","21"
"7112","TUKANG TEMBOK DAN YBDI","841","22"
"7113","PEMBELAH, PEMOTONG, PEMECAH, DAN PEMAHAT BATU","842","22"
"7114","TUKANG BETON DAN YBDI","843","22"
"7115","TUKANG KAYU BANGUNAN","843","22"
"7119","PEKERJA KERANGKA BANGUNAN YTDL","845","22"
"712","PEKERJA PENYELESAIAN BANGUNAN DAN YBDI","846","22"
"7121","PEKERJA ATAP BANGUNAN","847","22"
"7122","PEKERJA LANTAI DAN UBIN","848","22"
"7123","PEKERJA PLESTER","849","22"
"7124","PEKERJA ISOLASI","850","22"
"7125","PEKERJA KACA","852","22"
"7126","PEKERJA PERPIPAAN","853","22"
"7127","MEKANIK PENDINGIN UDARA DAN LEMARI PENDINGIN","854","22"
"713","PEKERJA PENGECATAN, PEMBERSIH BANGUNAN, DAN YBDI","854","22"
"7131","PEKERJA PENGECATAN BANGUNAN DAN YBDI","855","22"
"7132","PEKERJA CAT SEMPROT DAN VERNIS","856","22"
"7133","PEMBERSIH BANGUNAN","857","22"
"72","PEKERJA LOGAM, PERMESINAN, DAN YBDI","857","22"
"721","PEKERJA PENCETAK STRUKTUR DAN LEMBARAN LOGAM, PELEBUR LOGAM, TUKANG LAS, DAN YBDI","858","22"
"7211","PELEBUR DAN PENCETAK INTI LOGAM","859","22"
"7212","PEKERJA PEMOTONGAN DAN PENGELASAN","859","22"
"7213","PEKERJA LOGAM LEMBARAN","861","22"
"7214","PEKERJA PENYIAPAN DAN PEMANCANGAN STRUKTUR LOGAM","862","22"
"7215","PEMASANG DAN PENYAMBUNG TALI KABEL","863","22"
"722","PANDAI BESI, PEMBUAT PERKAKAS, DAN YBDI","864","22"
"7221","PANDAI BESI, PEKERJA TEMPA, DAN PRESS LOGAM","864","22"
"7222","PEMBUAT PERKAKAS DAN YBDI","865","22"
"7223","OPERATOR DAN PENYETEL MESIN PENGERJAAN LOGAM","867","22"
"7224","PEMOLES LOGAM, PENGASAH, DAN PENAJAM PERKAKAS LOGAM","868","22"
"723","MEKANIK DAN TUKANG REPARASI MESIN","869","22"
"7231","MEKANIK DAN TUKANG REPARASI KENDARAAN BERMOTOR","870","22"
"7232","MEKANIK DAN TUKANG REPARASI MESIN PESAWAT","872","22"
"7233","MEKANIK DAN TUKANG REPARASI MESIN PERTANIAN DAN INDUSTRI","875","22"
"7234","TUKANG REPARASI SEPEDA DAN YBDI","876","22"
"73","PEKERJA KERAJINAN DAN PERCETAKAN","877","22"
"731","PEKERJA KERAJINAN","877","22"
"7311","PEMBUAT DAN TUKANG REPARASI PERALATAN PRESISI","878","22"
"7312","PEMBUAT DAN PENYETEM ALAT MUSIK","880","22"
"7313","PEKERJA PEMBUAT PERHIASAN DAN BARANG DARI LOGAM MULIA","882","22"
"7314","PEMBUAT TEMBIKAR DAN YBDI","883","22"
"7315","PEMBUAT, PEMOTONG, PENGASAH, DAN PENYELESAI KACA","885","22"
"7316","PEMBUAT PAPAN TANDA, PELUKIS DEKORATIF, PENGUKIR, DAN PENGETSA","886","22"
"7317","PEMBUAT KERAJINAN DARI KAYU, KERANJANG ANYAMAN, DAN DARI BAHAN YBDI","888","23"
"7318","PEMBUAT KERAJINAN DARI TEKSTIL, KULIT, DAN BAHAN YBDI","889","23"
"7319","PEMBUAT KERAJINAN YTDL","891","23"
"732","PEKERJA PERCETAKAN","892","23"
"7321","PEKERJA PRACETAK","892","23"
"7322","PEKERJA PENCETAKAN","894","23"
"7323","PEKERJA PENYELESAIAN DAN PENJILIDAN CETAKAN","895","23"
"74","PEKERJA KELISTRIKAN DAN ELEKTRONIK","897","23"
"741","PEKERJA INSTALASI DAN REPARASI PERALATAN LISTRIK","897","23"
"7411","PEKERJA KELISTRIKAN BANGUNAN DAN YBDI","898","23"
"7412","MEKANIK DAN PEMASANG PERALATAN LISTRIK","899","23"
"7413","PEKERJA INSTALASI DAN REPARASI JARINGAN LISTRIK","900","23"
"742","PEKERJA INSTALASI DAN REPARASI ELEKTRONIK DAN TELEKOMUNIKASI","901","23"
"7421","PEKERJA MEKANIK DAN SERVIS PERALATAN ELEKTRONIK","901","23"
"7422","PEKERJA INSTALASI DAN SERVIS PERALATAN TEKNOLOGI INFORMASI DAN KOMUNIKASI","903","23"
"75","PEKERJA PENGOLAHAN MAKANAN, KAYU, GARMEN, DAN YBDI","904","23"
"751","PEKERJA PENGOLAHAN MAKANAN DAN YBDI","905","23"
"7511","PEMOTONG HEWAN, PENJUAL IKAN SEGAR, DAN PENGOLAH MAKANAN YBDI","905","23"
"7512","PEMBUAT ROTI, KUE, DAN KEMBANG GULA","907","23"
"7513","PEMBUAT PRODUK SUSU","908","23"
"7514","PENGAWET BUAH, SAYUR, DAN YBDI","909","23"
"7515","AHLI PENCICIP DAN PENILAI KUALITAS MAKANAN DAN MINUMAN","911","23"
"7516","PENGOLAH TEMBAKAU DAN PEMBUAT PRODUK TEMBAKAU","912","23"
"752","PEKERJA PENGOLAHAN KAYU, PEMBUAT FURNITUR, DAN YBDI","913","23"
"7521","PEKERJA PENGAWETAN KAYU","914","23"
"7522","PEMBUAT FURNITUR DAN YBDI","915","23"
"7523","PENYETEL DAN OPERATOR MESIN PERKAKAS PENGOLAHAN KAYU","916","23"
"753","PEKERJA GARMEN DAN YBDI","918","23"
"7531","PEMBUAT PAKAIAN, PAKAIAN DARI KULIT, DAN PENUTUP KEPALA","918","23"
"7532","PEMBUAT DAN PEMOTONG POLA GARMEN DAN YBDI","920","23"
"7533","TUKANG JAHIT, PENYULAM, DAN YBDI","921","23"
"7534","PELAPIS FURNITUR (UPHOLSTER) DAN YBDI","923","23"
"7535","PEMBERSIH KULIT, PENYAMAK KULIT, DAN PEWARNA KULIT","924","23"
"7536","PEMBUAT SEPATU DAN YBDI","925","23"
"754","PEKERJA PENGOLAHAN LAINNYA DAN YBDI","927","23"
"7541","PEKERJA BAWAH AIR","927","23"
"7542","JURU LEDAK DAN JURU TEMBAK","929","23"
"7543","PENGUJI DAN PENILAI KUALITAS PRODUK (SELAIN PRODUK MAKANAN DAN MINUMAN)","930","23"
"7544","PENGENDALI DAN PEMBASMI HAMA DAN GULMA","931","23"
"7549","PEKERJA PENGOLAHAN LAINNYA YTDL","932","23"
"8","OPERATOR DAN PERAKIT MESIN","937","24"
"81","OPERATOR MESIN STASIONER DAN YBDI","937","24"
"811","OPERATOR MESIN PENGOLAHAN BAHAN TAMBANG DAN MINERAL","938","24"
"8111","PEKERJA TAMBANG DAN PEKERJA PENGGALIAN","938","24"
"8112","OPERATOR MESIN PENGOLAHAN BIJIH MINERAL DAN BATU","942","24"
"8113","PEKERJA PENGEBORAN DAN PENGGALIAN SUMUR YBDI","944","24"
"8114","OPERATOR MESIN PENGOLAHAN SEMEN, BATU, DAN MINERAL LAINNYA","946","24"
"812","OPERATOR MESIN PENGOLAHAN LOGAM","949","24"
"8121","OPERATOR MESIN PENGOLAHAN LOGAM","949","24"
"8122","OPERATOR MESIN PENYELESAIAN, PENYEPUHAN, DAN PELAPISAN LOGAM","951","24"
"813","OPERATOR MESIN PENGOLAHAN BAHAN KIMIA DAN FOTOGRAFI","953","24"
"8131","OPERATOR MESIN PENGOLAHAN BAHAN KIMIA","954","24"
"8132","OPERATOR MESIN PENGOLAHAN PRODUK FOTOGRAFI","957","24"
"814","OPERATOR MESIN PENGOLAHAN KARET, PLASTIK, DAN KERTAS","958","24"
"8141","OPERATOR MESIN PENGOLAHAN KARET","959","24"
"8142","OPERATOR MESIN PENGOLAHAN PLASTIK","961","24"
"8143","OPERATOR MESIN PENGOLAHAN KERTAS","963","24"
"815","OPERATOR MESIN PENGOLAHAN TEKSTIL, KULIT, DAN BULU","965","24"
"8151","OPERATOR MESIN PENYIAPAN, PEMINTALAN, DAN PENGGULUNGAN SERAT","966","24"
"8152","OPERATOR MESIN TENUN DAN RAJUT","968","24"
"8153","OPERATOR MESIN JAHIT","969","24"
"8154","OPERATOR MESIN PEMUTIHAN, PENCELUPAN, DAN PEMBERSIHAN KAIN","971","24"
"8155","OPERATOR MESIN PENYIAPAN BULU DAN KULIT","972","24"
"8156","OPERATOR MESIN PEMBUAT SEPATU DAN YBDI","974","24"
"8157","OPERATOR MESIN PENATU","974","24"
"8159","OPERATOR MESIN PENGOLAHAN TEKSTIL, BULU, DAN KULIT YTDL","976","24"
"816","OPERATOR MESIN PENGOLAHAN MAKANAN DAN YBDI","977","24"
"8160","OPERATOR MESIN PENGOLAHAN MAKANAN DAN YBDI","978","24"
"817","OPERATOR MESIN PENGOLAHAN KAYU DAN PEMBUATAN KERTAS","981","24"
"8171","OPERATOR MESIN PENGOLAHAN BUBUR KERTAS DAN PEMBUATAN KERTAS","981","24"
"8172","OPERATOR MESIN PENGOLAHAN KAYU","983","24"
"818","OPERATOR MESIN STASIONER LAINNYA","985","24"
"8181","OPERATOR MESIN PENGOLAHAN KACA DAN KERAMIK","985","24"
"8182","OPERATOR MESIN UAP DAN KETEL UAP","988","24"
"8183","OPERATOR MESIN PENGISIAN BOTOL, PELABELAN, DAN PENGEMASAN","991","24"
"8189","OPERATOR MESIN STASIONER YTDL","992","24"
"82","PERAKIT","993","24"
"821","PERAKIT","993","24"
"8211","PERAKIT MESIN MEKANIK","994","25"
"8212","PERAKIT PERALATAN LISTRIK DAN ELEKTRONIK","996","25"
"8219","PERAKIT YTDL","998","25"
"83","PENGEMUDI DAN OPERATOR MESIN BERGERAK","1001","25"
"831","MASINIS MESIN LOKOMOTIF DAN YBDI","1002","25"
"8311","MASINIS MESIN LOKOMOTIF","1002","25"
"8312","OPERATOR REM, SINYAL, DAN LANGSIR KERETA API","1003","25"
"832","PENGEMUDI MOBIL, VAN, DAN SEPEDA MOTOR","1005","25"
"8321","PENGEMUDI SEPEDA MOTOR","1005","25"
"8322","PENGEMUDI MOBIL, TAKSI, DAN VAN","1007","25"
"833","PENGEMUDI TRUK BERAT DAN BUS","1008","25"
"8331","PENGEMUDI BUS DAN TREM","1008","25"
"8332","PENGEMUDI TRUK BERAT DAN TRUK KONTAINER","1009","25"
"834","OPERATOR MESIN BERGERAK","1011","25"
"8341","OPERATOR MESIN BERGERAK PERTANIAN DAN KEHUTANAN","1011","25"
"8342","OPERATOR MESIN PENGERUK TANAH DAN YBDI","1013","25"
"8343","OPERATOR MESIN DEREK/CRANE, PENGEREK/HOIST, DAN YBDI","1017","25"
"8344","OPERATOR FORKLIFT","1019","25"
"835","AWAK GELADAK KAPAL DAN YBDI","1020","25"
"8350","AWAK GELADAK KAPAL DAN YBDI","1020","25"
"9","PEKERJA KASAR","1025","25"
"91","TENAGA KEBERSIHAN DAN JURU BANTU","1025","25"
"911","TENAGA KEBERSIHAN DAN JURU BANTU RUMAH TANGGA, HOTEL, DAN KANTOR","1026","25"
"9111","TENAGA KEBERSIHAN DAN JURU BANTU RUMAH TANGGA","1026","25"
"9112","TENAGA KEBERSIHAN DAN JURU BANTU DI KANTOR, HOTEL, DAN TEMPAT LAINNYA","1027","25"
"912","TENAGA CUCI KENDARAAN, JENDELA, BINATU, DAN TENAGA KEBERSIHAN DENGAN TANGAN LAINNYA","1029","25"
"9121","TENAGA CUCI DAN SETRIKA DENGAN TANGAN","1030","25"
"9122","TENAGA CUCI KENDARAAN","1031","25"
"9123","TENAGA PEMBERSIH JENDELA","1032","25"
"9129","TENAGA KEBERSIHAN LAINNYA","1032","25"
"92","BURUH PERTANIAN, KEHUTANAN, DAN PERIKANAN","1034","25"
"921","BURUH PERTANIAN, KEHUTANAN, DAN PERIKANAN","1034","25"
"9211","BURUH PERTANIAN","1035","25"
"9212","BURUH PETERNAKAN","1038","25"
"9213","BURUH CAMPURAN PERTANIAN DAN PETERNAKAN","1039","25"
"9214","BURUH KEBUN BIBIT DAN TAMAN","1040","25"
"9215","BURUH KEHUTANAN","1041","25"
"9216","BURUH PENANGKAPAN DAN BUDIDAYA PERIKANAN","1042","25"
"93","BURUH PERTAMBANGAN, KONSTRUKSI, INDUSTRI PENGOLAHAN, DAN TRANSPORTASI","1043","25"
"931","BURUH PERTAMBANGAN DAN KONSTRUKSI","1044","26"
"9311","BURUH PERTAMBANGAN DAN PENGGALIAN","1044","26"
"9312","BURUH TEKNIK SIPIL","1045","26"
"9313","BURUH BANGUNAN","1046","26"
"932","BURUH INDUSTRI PENGOLAHAN","1048","26"
"9321","BURUH PENGEMASAN","1048","26"
"9329","BURUH INDUSTRI PENGOLAHAN YTDL","1050","26"
"933","BURUH TRANSPORTASI DAN PERGUDANGAN","1052","26"
"9331","PENGEMUDI BECAK DAN KENDARAAN BERPEDAL","1052","26"
"9332","PENGEMUDI KENDARAAN DAN PERALATAN YANG DITARIK HEWAN","1053","26"
"9333","PEKERJA PENANGANAN KARGO","1054","26"
"9334","BURUH PENATA BARANG","1056","26"
"94","ASISTEN PENYIAPAN MAKANAN","1056","26"
"941","ASISTEN PENYIAPAN MAKANAN","1057","26"
"9411","ASISTEN JURU MASAK","1057","26"
"9412","JURU BANTU DAPUR","1058","26"
"95","PEDAGANG DAN PEKERJA JASA JALANAN","1061","26"
"951","PEKERJA JASA JALANAN DAN YBDI","1062","26"
"9510","PEKERJA JASA JALANAN DAN YBDI","1062","26"
"952","PEDAGANG KELILING DAN ASONGAN (SELAIN MAKANAN)","1064","26"
"9520","PEDAGANG KELILING DAN ASONGAN (SELAIN MAKANAN)","1064","26"
"96","PEKERJA SAMPAH DAN PEKERJA KASAR LAINNYA","1065","26"
"961","PEKERJA SAMPAH","1066","26"
"9611","PENGANGKUT SAMPAH","1066","26"
"9612","PENYORTIR SAMPAH","1067","26"
"9613","TUKANG SAPU DAN YBDI","1069","26"
"962","PEKERJA KASAR LAINNYA","1069","26"
"9621","KURIR, PENGANTAR PAKET, DAN KULI ANGKUT BARANG","1070","26"
"9622","PEKERJA SERABUTAN","1071","26"
"9623","PEMBACA METERAN DAN PENGUMPUL MESIN VENDING","1072","26"
"9624","PENGUMPUL AIR DAN KAYU BAKAR","1073","26"
"9629","PEKERJA KASAR YTDL","1074","26"
