"cakupan","jumlah_digit","tingkat","acuan_publikasi","rujukan"
"seluruh KBJI 2026","1","Golongan pokok","10","Tabel 3, halaman cetak 13 / halaman PDF 45"
"seluruh KBJI 2026","2","Subgolongan pokok","43","Tabel 3, halaman cetak 13 / halaman PDF 45"
"seluruh KBJI 2026","3","Golongan","130","Tabel 3, halaman cetak 13 / halaman PDF 45"
"seluruh KBJI 2026","4","Subgolongan","449","Tabel 3, halaman cetak 13 / halaman PDF 45"
"seluruh KBJI 2026","6","Jabatan","2380","Tabel 3, halaman cetak 13 / halaman PDF 45"
"golongan pokok 0","1","Golongan pokok","1","Tabel 25-34 Jumlah Kode berdasarkan Struktur KBJI Golongan Pokok 0, halaman cetak 61-65 / halaman PDF 93-97"
"golongan pokok 0","2","Subgolongan pokok","3","Tabel 25-34 Jumlah Kode berdasarkan Struktur KBJI Golongan Pokok 0, halaman cetak 61-65 / halaman PDF 93-97"
"golongan pokok 0","3","Golongan","3","Tabel 25-34 Jumlah Kode berdasarkan Struktur KBJI Golongan Pokok 0, halaman cetak 61-65 / halaman PDF 93-97"
"golongan pokok 0","4","Subgolongan","15","Tabel 25-34 Jumlah Kode berdasarkan Struktur KBJI Golongan Pokok 0, halaman cetak 61-65 / halaman PDF 93-97"
"golongan pokok 0","6","Jabatan","201","Tabel 25-34 Jumlah Kode berdasarkan Struktur KBJI Golongan Pokok 0, halaman cetak 61-65 / halaman PDF 93-97"
"golongan pokok 1","1","Golongan pokok","1","Tabel 25-34 Jumlah Kode berdasarkan Struktur KBJI Golongan Pokok 1, halaman cetak 61-65 / halaman PDF 93-97"
"golongan pokok 1","2","Subgolongan pokok","4","Tabel 25-34 Jumlah Kode berdasarkan Struktur KBJI Golongan Pokok 1, halaman cetak 61-65 / halaman PDF 93-97"
"golongan pokok 1","3","Golongan","11","Tabel 25-34 Jumlah Kode berdasarkan Struktur KBJI Golongan Pokok 1, halaman cetak 61-65 / halaman PDF 93-97"
"golongan pokok 1","4","Subgolongan","31","Tabel 25-34 Jumlah Kode berdasarkan Struktur KBJI Golongan Pokok 1, halaman cetak 61-65 / halaman PDF 93-97"
"golongan pokok 1","6","Jabatan","210","Tabel 25-34 Jumlah Kode berdasarkan Struktur KBJI Golongan Pokok 1, halaman cetak 61-65 / halaman PDF 93-97"
"golongan pokok 2","1","Golongan pokok","1","Tabel 25-34 Jumlah Kode berdasarkan Struktur KBJI Golongan Pokok 2, halaman cetak 61-65 / halaman PDF 93-97"
"golongan pokok 2","2","Subgolongan pokok","6","Tabel 25-34 Jumlah Kode berdasarkan Struktur KBJI Golongan Pokok 2, halaman cetak 61-65 / halaman PDF 93-97"
"golongan pokok 2","3","Golongan","27","Tabel 25-34 Jumlah Kode berdasarkan Struktur KBJI Golongan Pokok 2, halaman cetak 61-65 / halaman PDF 93-97"
"golongan pokok 2","4","Subgolongan","94","Tabel 25-34 Jumlah Kode berdasarkan Struktur KBJI Golongan Pokok 2, halaman cetak 61-65 / halaman PDF 93-97"
"golongan pokok 2","6","Jabatan","593","Tabel 25-34 Jumlah Kode berdasarkan Struktur KBJI Golongan Pokok 2, halaman cetak 61-65 / halaman PDF 93-97"
"golongan pokok 3","1","Golongan pokok","1","Tabel 25-34 Jumlah Kode berdasarkan Struktur KBJI Golongan Pokok 3, halaman cetak 61-65 / halaman PDF 93-97"
"golongan pokok 3","2","Subgolongan pokok","5","Tabel 25-34 Jumlah Kode berdasarkan Struktur KBJI Golongan Pokok 3, halaman cetak 61-65 / halaman PDF 93-97"
"golongan pokok 3","3","Golongan","20","Tabel 25-34 Jumlah Kode berdasarkan Struktur KBJI Golongan Pokok 3, halaman cetak 61-65 / halaman PDF 93-97"
"golongan pokok 3","4","Subgolongan","83","Tabel 25-34 Jumlah Kode berdasarkan Struktur KBJI Golongan Pokok 3, halaman cetak 61-65 / halaman PDF 93-97"
"golongan pokok 3","6","Jabatan","410","Tabel 25-34 Jumlah Kode berdasarkan Struktur KBJI Golongan Pokok 3, halaman cetak 61-65 / halaman PDF 93-97"
"golongan pokok 4","1","Golongan pokok","1","Tabel 25-34 Jumlah Kode berdasarkan Struktur KBJI Golongan Pokok 4, halaman cetak 61-65 / halaman PDF 93-97"
"golongan pokok 4","2","Subgolongan pokok","4","Tabel 25-34 Jumlah Kode berdasarkan Struktur KBJI Golongan Pokok 4, halaman cetak 61-65 / halaman PDF 93-97"
"golongan pokok 4","3","Golongan","8","Tabel 25-34 Jumlah Kode berdasarkan Struktur KBJI Golongan Pokok 4, halaman cetak 61-65 / halaman PDF 93-97"
"golongan pokok 4","4","Subgolongan","29","Tabel 25-34 Jumlah Kode berdasarkan Struktur KBJI Golongan Pokok 4, halaman cetak 61-65 / halaman PDF 93-97"
"golongan pokok 4","6","Jabatan","89","Tabel 25-34 Jumlah Kode berdasarkan Struktur KBJI Golongan Pokok 4, halaman cetak 61-65 / halaman PDF 93-97"
"golongan pokok 5","1","Golongan pokok","1","Tabel 25-34 Jumlah Kode berdasarkan Struktur KBJI Golongan Pokok 5, halaman cetak 61-65 / halaman PDF 93-97"
"golongan pokok 5","2","Subgolongan pokok","4","Tabel 25-34 Jumlah Kode berdasarkan Struktur KBJI Golongan Pokok 5, halaman cetak 61-65 / halaman PDF 93-97"
"golongan pokok 5","3","Golongan","13","Tabel 25-34 Jumlah Kode berdasarkan Struktur KBJI Golongan Pokok 5, halaman cetak 61-65 / halaman PDF 93-97"
"golongan pokok 5","4","Subgolongan","39","Tabel 25-34 Jumlah Kode berdasarkan Struktur KBJI Golongan Pokok 5, halaman cetak 61-65 / halaman PDF 93-97"
"golongan pokok 5","6","Jabatan","142","Tabel 25-34 Jumlah Kode berdasarkan Struktur KBJI Golongan Pokok 5, halaman cetak 61-65 / halaman PDF 93-97"
"golongan pokok 6","1","Golongan pokok","1","Tabel 25-34 Jumlah Kode berdasarkan Struktur KBJI Golongan Pokok 6, halaman cetak 61-65 / halaman PDF 93-97"
"golongan pokok 6","2","Subgolongan pokok","3","Tabel 25-34 Jumlah Kode berdasarkan Struktur KBJI Golongan Pokok 6, halaman cetak 61-65 / halaman PDF 93-97"
"golongan pokok 6","3","Golongan","9","Tabel 25-34 Jumlah Kode berdasarkan Struktur KBJI Golongan Pokok 6, halaman cetak 61-65 / halaman PDF 93-97"
"golongan pokok 6","4","Subgolongan","19","Tabel 25-34 Jumlah Kode berdasarkan Struktur KBJI Golongan Pokok 6, halaman cetak 61-65 / halaman PDF 93-97"
"golongan pokok 6","6","Jabatan","84","Tabel 25-34 Jumlah Kode berdasarkan Struktur KBJI Golongan Pokok 6, halaman cetak 61-65 / halaman PDF 93-97"
"golongan pokok 7","1","Golongan pokok","1","Tabel 25-34 Jumlah Kode berdasarkan Struktur KBJI Golongan Pokok 7, halaman cetak 61-65 / halaman PDF 93-97"
"golongan pokok 7","2","Subgolongan pokok","5","Tabel 25-34 Jumlah Kode berdasarkan Struktur KBJI Golongan Pokok 7, halaman cetak 61-65 / halaman PDF 93-97"
"golongan pokok 7","3","Golongan","14","Tabel 25-34 Jumlah Kode berdasarkan Struktur KBJI Golongan Pokok 7, halaman cetak 61-65 / halaman PDF 93-97"
"golongan pokok 7","4","Subgolongan","66","Tabel 25-34 Jumlah Kode berdasarkan Struktur KBJI Golongan Pokok 7, halaman cetak 61-65 / halaman PDF 93-97"
"golongan pokok 7","6","Jabatan","317","Tabel 25-34 Jumlah Kode berdasarkan Struktur KBJI Golongan Pokok 7, halaman cetak 61-65 / halaman PDF 93-97"
"golongan pokok 8","1","Golongan pokok","1","Tabel 25-34 Jumlah Kode berdasarkan Struktur KBJI Golongan Pokok 8, halaman cetak 61-65 / halaman PDF 93-97"
"golongan pokok 8","2","Subgolongan pokok","3","Tabel 25-34 Jumlah Kode berdasarkan Struktur KBJI Golongan Pokok 8, halaman cetak 61-65 / halaman PDF 93-97"
"golongan pokok 8","3","Golongan","14","Tabel 25-34 Jumlah Kode berdasarkan Struktur KBJI Golongan Pokok 8, halaman cetak 61-65 / halaman PDF 93-97"
"golongan pokok 8","4","Subgolongan","40","Tabel 25-34 Jumlah Kode berdasarkan Struktur KBJI Golongan Pokok 8, halaman cetak 61-65 / halaman PDF 93-97"
"golongan pokok 8","6","Jabatan","216","Tabel 25-34 Jumlah Kode berdasarkan Struktur KBJI Golongan Pokok 8, halaman cetak 61-65 / halaman PDF 93-97"
"golongan pokok 9","1","Golongan pokok","1","Tabel 25-34 Jumlah Kode berdasarkan Struktur KBJI Golongan Pokok 9, halaman cetak 61-65 / halaman PDF 93-97"
"golongan pokok 9","2","Subgolongan pokok","6","Tabel 25-34 Jumlah Kode berdasarkan Struktur KBJI Golongan Pokok 9, halaman cetak 61-65 / halaman PDF 93-97"
"golongan pokok 9","3","Golongan","11","Tabel 25-34 Jumlah Kode berdasarkan Struktur KBJI Golongan Pokok 9, halaman cetak 61-65 / halaman PDF 93-97"
"golongan pokok 9","4","Subgolongan","33","Tabel 25-34 Jumlah Kode berdasarkan Struktur KBJI Golongan Pokok 9, halaman cetak 61-65 / halaman PDF 93-97"
"golongan pokok 9","6","Jabatan","118","Tabel 25-34 Jumlah Kode berdasarkan Struktur KBJI Golongan Pokok 9, halaman cetak 61-65 / halaman PDF 93-97"
