"kode","ada_daftar_isi","ada_uraian","nama_daftar_isi","nama_uraian","nama_cocok","halaman_cetak_daftar_isi","halaman_cetak_uraian","halaman_cocok"
"0","True","True","TENTARA NASIONAL INDONESIA (TNI) DAN KEPOLISIAN NEGARA REPUBLIK INDONESIA (POLRI)","TENTARA NASIONAL INDONESIA (TNI) DAN KEPOLISIAN NEGARA REPUBLIK INDONESIA (POLRI)","True","71","71","True"
"01","True","True","PERWIRA TNI DAN POLRI","PERWIRA TNI DAN POLRI","True","72","72","True"
"011","True","True","PERWIRA TNI DAN POLRI","PERWIRA TNI DAN POLRI","True","72","72","True"
"0111","True","True","PERWIRA MARKAS BESAR TNI","PERWIRA MARKAS BESAR TNI","True","73","73","True"
"0112","True","True","PERWIRA TNI ANGKATAN DARAT","PERWIRA TNI ANGKATAN DARAT","True","84","84","True"
"0113","True","True","PERWIRA TNI ANGKATAN LAUT","PERWIRA TNI ANGKATAN LAUT","True","93","93","True"
"0114","True","True","PERWIRA TNI ANGKATAN UDARA","PERWIRA TNI ANGKATAN UDARA","True","101","101","True"
"0115","True","True","PERWIRA POLRI","PERWIRA POLRI","True","111","111","True"
"02","True","True","BINTARA TNI DAN POLRI","BINTARA TNI DAN POLRI","True","118","118","True"
"021","True","True","BINTARA TNI DAN POLRI","BINTARA TNI DAN POLRI","True","119","119","True"
"0211","True","True","BINTARA MARKAS BESAR TNI","BINTARA MARKAS BESAR TNI","True","119","119","True"
"0212","True","True","BINTARA TNI ANGKATAN DARAT","BINTARA TNI ANGKATAN DARAT","True","120","120","True"
"0213","True","True","BINTARA TNI ANGKATAN LAUT","BINTARA TNI ANGKATAN LAUT","True","121","121","True"
"0214","True","True","BINTARA TNI ANGKATAN UDARA","BINTARA TNI ANGKATAN UDARA","True","121","121","True"
"0215","True","True","BINTARA POLRI","BINTARA POLRI","True","122","122","True"
"03","True","True","TAMTAMA TNI DAN POLRI","TAMTAMA TNI DAN POLRI","True","122","122","True"
"031","True","True","TAMTAMA TNI DAN POLRI","TAMTAMA TNI DAN POLRI","True","123","123","True"
"0311","True","True","TAMTAMA MARKAS BESAR TNI","TAMTAMA MARKAS BESAR TNI","True","123","123","True"
"0312","True","True","TAMTAMA TNI ANGKATAN DARAT","TAMTAMA TNI ANGKATAN DARAT","True","124","124","True"
"0313","True","True","TAMTAMA TNI ANGKATAN LAUT","TAMTAMA TNI ANGKATAN LAUT","True","124","124","True"
"0314","True","True","TAMTAMA TNI ANGKATAN UDARA","TAMTAMA TNI ANGKATAN UDARA","True","125","125","True"
"0315","True","True","TAMTAMA POLRI","TAMTAMA POLRI","True","126","126","True"
"1","True","True","MANAJER","MANAJER","True","129","129","True"
"11","True","True","PIMPINAN EKSEKUTIF, PEJABAT TINGGI PEMERINTAH, DAN PEJABAT PEMBUAT PERATURAN PERUNDANG-UNDANGAN","PIMPINAN EKSEKUTIF, PEJABAT TINGGI PEMERINTAH, DAN PEJABAT PEMBUAT PERATURAN PERUNDANG-UNDANGAN","True","129","129","True"
"111","True","True","PEJABAT PEMBUAT PERATURAN PERUNDANG-UNDANGAN DAN PEJABAT TINGGI PEMERINTAH","PEJABAT PEMBUAT PERATURAN PERUNDANG-UNDANGAN DAN PEJABAT TINGGI PEMERINTAH","True","130","130","True"
"1111","True","True","PEJABAT PEMBUAT PERATURAN PERUNDANG-UNDANGAN","PEJABAT PEMBUAT PERATURAN PERUNDANG-UNDANGAN","True","131","131","True"
"1112","True","True","PEJABAT TINGGI PEMERINTAH","PEJABAT TINGGI PEMERINTAH","True","135","135","True"
"1113","True","True","KETUA ADAT DAN KEPALA WILAYAH","KETUA ADAT DAN KEPALA WILAYAH","True","139","139","True"
"1114","True","True","PIMPINAN ORGANISASI BIDANG KHUSUS","PIMPINAN ORGANISASI BIDANG KHUSUS","True","141","141","True"
"112","True","True","PIMPINAN EKSEKUTIF DAN DIREKTUR PELAKSANA","PIMPINAN EKSEKUTIF DAN DIREKTUR PELAKSANA","True","142","142","True"
"1120","True","True","PIMPINAN EKSEKUTIF DAN DIREKTUR PELAKSANA","PIMPINAN EKSEKUTIF DAN DIREKTUR PELAKSANA","True","142","142","True"
"12","True","True","MANAJER ADMINISTRASI DAN KOMERSIAL","MANAJER ADMINISTRASI DAN KOMERSIAL","True","146","146","True"
"121","True","True","MANAJER PELAYANAN BISNIS DAN ADMINISTRASI BISNIS","MANAJER PELAYANAN BISNIS DAN ADMINISTRASI BISNIS","True","146","146","True"
"1211","True","True","MANAJER KEUANGAN","MANAJER KEUANGAN","True","147","147","True"
"1212","True","True","MANAJER SUMBER DAYA MANUSIA","MANAJER SUMBER DAYA MANUSIA","True","149","149","True"
"1213","True","True","MANAJER PERENCANAAN DAN KEBIJAKAN","MANAJER PERENCANAAN DAN KEBIJAKAN","True","151","151","True"
"1219","True","True","MANAJER PELAYANAN BISNIS DAN ADMINISTRASI BISNIS YTDL","MANAJER PELAYANAN BISNIS DAN ADMINISTRASI BISNIS YTDL","True","154","154","True"
"122","True","True","MANAJER PENJUALAN, PEMASARAN, DAN PENGEMBANGAN USAHA","MANAJER PENJUALAN, PEMASARAN, DAN PENGEMBANGAN USAHA","True","157","157","True"
"1221","True","True","MANAJER PENJUALAN DAN PEMASARAN","MANAJER PENJUALAN DAN PEMASARAN","True","157","157","True"
"1222","True","True","MANAJER PERIKLANAN DAN HUBUNGAN MASYARAKAT","MANAJER PERIKLANAN DAN HUBUNGAN MASYARAKAT","True","159","159","True"
"1223","True","True","MANAJER PENELITIAN DAN PENGEMBANGAN","MANAJER PENELITIAN DAN PENGEMBANGAN","True","161","161","True"
"13","True","True","MANAJER PRODUKSI DAN PELAYANAN KHUSUS","MANAJER PRODUKSI DAN PELAYANAN KHUSUS","True","164","164","True"
"131","True","True","MANAJER PRODUKSI PERTANIAN, KEHUTANAN, DAN PERIKANAN","MANAJER PRODUKSI PERTANIAN, KEHUTANAN, DAN PERIKANAN","True","165","165","True"
"1311","True","True","MANAJER PRODUKSI PERTANIAN DAN KEHUTANAN","MANAJER PRODUKSI PERTANIAN DAN KEHUTANAN","True","165","165","True"
"1312","True","True","MANAJER PRODUKSI PENANGKAPAN DAN BUDIDAYA IKAN","MANAJER PRODUKSI PENANGKAPAN DAN BUDIDAYA IKAN","True","172","172","True"
"132","True","True","MANAJER MANUFAKTUR, PERTAMBANGAN, KONSTRUKSI, DAN DISTRIBUSI","MANAJER MANUFAKTUR, PERTAMBANGAN, KONSTRUKSI, DAN DISTRIBUSI","True","174","174","True"
"1321","True","True","MANAJER MANUFAKTUR","MANAJER MANUFAKTUR","True","174","174","True"
"1322","True","True","MANAJER PERTAMBANGAN DAN PENGGALIAN","MANAJER PERTAMBANGAN DAN PENGGALIAN","True","177","177","True"
"1323","True","True","MANAJER KONSTRUKSI","MANAJER KONSTRUKSI","True","179","179","True"
"1324","True","True","MANAJER PENGADAAN, DISTRIBUSI, DAN YBDI","MANAJER PENGADAAN, DISTRIBUSI, DAN YBDI","True","180","180","True"
"133","True","True","MANAJER LAYANAN TEKNOLOGI INFORMASI DAN KOMUNIKASI","MANAJER LAYANAN TEKNOLOGI INFORMASI DAN KOMUNIKASI","True","185","185","True"
"1330","True","True","MANAJER LAYANAN TEKNOLOGI INFORMASI DAN KOMUNIKASI","MANAJER LAYANAN TEKNOLOGI INFORMASI DAN KOMUNIKASI","True","185","185","True"
"134","True","True","MANAJER JASA PROFESIONAL","MANAJER JASA PROFESIONAL","True","190","190","True"
"1341","True","True","MANAJER JASA PENITIPAN ANAK","MANAJER JASA PENITIPAN ANAK","True","190","190","True"
"1342","True","True","MANAJER JASA KESEHATAN","MANAJER JASA KESEHATAN","True","191","191","True"
"1343","True","True","MANAJER JASA PERAWATAN LANJUT USIA","MANAJER JASA PERAWATAN LANJUT USIA","True","194","194","True"
"1344","True","True","MANAJER KESEJAHTERAAN SOSIAL","MANAJER KESEJAHTERAAN SOSIAL","True","197","197","True"
"1345","True","True","MANAJER PENDIDIKAN","MANAJER PENDIDIKAN","True","200","200","True"
"1346","True","True","MANAJER JASA KEUANGAN DAN ASURANSI","MANAJER JASA KEUANGAN DAN ASURANSI","True","205","205","True"
"1349","True","True","MANAJER JASA PROFESIONAL LAINNYA","MANAJER JASA PROFESIONAL LAINNYA","True","208","208","True"
"14","True","True","MANAJER JASA PERHOTELAN, PERDAGANGAN, DAN JASA LAINNYA","MANAJER JASA PERHOTELAN, PERDAGANGAN, DAN JASA LAINNYA","True","212","212","True"
"141","True","True","MANAJER HOTEL DAN PENYEDIAAN MAKANAN DAN MINUMAN","MANAJER HOTEL DAN PENYEDIAAN MAKANAN DAN MINUMAN","True","212","212","True"
"1411","True","True","MANAJER HOTEL","MANAJER HOTEL","True","213","213","True"
"1412","True","True","MANAJER PENYEDIAAN MAKANAN DAN MINUMAN","MANAJER PENYEDIAAN MAKANAN DAN MINUMAN","True","215","215","True"
"142","True","True","MANAJER PERDAGANGAN BESAR DAN ECERAN","MANAJER PERDAGANGAN BESAR DAN ECERAN","True","217","217","True"
"1420","True","True","MANAJER PERDAGANGAN BESAR DAN ECERAN","MANAJER PERDAGANGAN BESAR DAN ECERAN","True","218","218","True"
"143","True","True","MANAJER JASA LAINNYA","MANAJER JASA LAINNYA","True","220","220","True"
"1431","True","True","MANAJER PUSAT OLAHRAGA, REKREASI, DAN BUDAYA","MANAJER PUSAT OLAHRAGA, REKREASI, DAN BUDAYA","True","220","220","True"
"1439","True","True","MANAJER JASA LAINNYA YTDL","MANAJER JASA LAINNYA YTDL","True","223","223","True"
"2","True","True","PROFESIONAL","PROFESIONAL","True","231","231","True"
"21","True","True","AHLI ILMU PENGETAHUAN DAN TEKNIK","AHLI ILMU PENGETAHUAN DAN TEKNIK","True","231","231","True"
"211","True","True","AHLI FISIKA DAN ILMU BUMI","AHLI FISIKA DAN ILMU BUMI","True","232","232","True"
"2111","True","True","AHLI FISIKA DAN ASTRONOMI","AHLI FISIKA DAN ASTRONOMI","True","233","233","True"
"2112","True","True","AHLI METEOROLOGI DAN KLIMATOLOGI","AHLI METEOROLOGI DAN KLIMATOLOGI","True","237","237","True"
"2113","True","True","AHLI KIMIA","AHLI KIMIA","True","239","239","True"
"2114","True","True","AHLI GEOLOGI DAN GEOFISIKA","AHLI GEOLOGI DAN GEOFISIKA","True","242","242","True"
"212","True","True","AHLI MATEMATIKA, AKTUARIA, DAN STATISTIKA","AHLI MATEMATIKA, AKTUARIA, DAN STATISTIKA","True","245","245","True"
"2120","True","True","AHLI MATEMATIKA, AKTUARIA, DAN STATISTIKA","AHLI MATEMATIKA, AKTUARIA, DAN STATISTIKA","True","246","246","True"
"213","True","True","AHLI ILMU PENGETAHUAN HAYATI","AHLI ILMU PENGETAHUAN HAYATI","True","249","249","True"
"2131","True","True","AHLI BIOLOGI, BOTANI, ZOOLOGI, DAN YBDI","AHLI BIOLOGI, BOTANI, ZOOLOGI, DAN YBDI","True","250","250","True"
"2132","True","True","PENASIHAT PERTANIAN, KEHUTANAN, DAN PERIKANAN","PENASIHAT PERTANIAN, KEHUTANAN, DAN PERIKANAN","True","256","256","True"
"2133","True","True","AHLI PERLINDUNGAN LINGKUNGAN","AHLI PERLINDUNGAN LINGKUNGAN","True","260","260","True"
"214","True","True","AHLI TEKNIK (SELAIN AHLI TEKNOLOGI ELEKTRO)","AHLI TEKNIK (SELAIN AHLI TEKNOLOGI ELEKTRO)","True","267","267","True"
"2141","True","True","AHLI TEKNIK INDUSTRI DAN PRODUKSI","AHLI TEKNIK INDUSTRI DAN PRODUKSI","True","267","267","True"
"2142","True","True","AHLI TEKNIK SIPIL","AHLI TEKNIK SIPIL","True","269","269","True"
"2143","True","True","AHLI TEKNIK LINGKUNGAN","AHLI TEKNIK LINGKUNGAN","True","273","273","True"
"2144","True","True","AHLI TEKNIK MEKANIKA","AHLI TEKNIK MEKANIKA","True","275","275","True"
"2145","True","True","AHLI TEKNIK KIMIA","AHLI TEKNIK KIMIA","True","279","279","True"
"2146","True","True","AHLI TEKNIK PERTAMBANGAN, METALURGI, DAN YBDI","AHLI TEKNIK PERTAMBANGAN, METALURGI, DAN YBDI","True","280","280","True"
"2149","True","True","AHLI TEKNIK LAINNYA YTDL","AHLI TEKNIK LAINNYA YTDL","True","284","284","True"
"215","True","True","AHLI TEKNIK TEKNOLOGI ELEKTRO","AHLI TEKNIK TEKNOLOGI ELEKTRO","True","289","289","True"
"2151","True","True","AHLI TEKNIK LISTRIK","AHLI TEKNIK LISTRIK","True","290","290","True"
"2152","True","True","AHLI TEKNIK ELEKTRONIK","AHLI TEKNIK ELEKTRONIK","True","291","291","True"
"2153","True","True","AHLI TEKNIK TELEKOMUNIKASI","AHLI TEKNIK TELEKOMUNIKASI","True","293","293","True"
"216","True","True","ARSITEK, PERENCANA, SURVEYOR, DAN DESAINER","ARSITEK, PERENCANA, SURVEYOR, DAN DESAINER","True","295","295","True"
"2161","True","True","ARSITEK BANGUNAN","ARSITEK BANGUNAN","True","296","296","True"
"2162","True","True","ARSITEK PERTAMANAN/LANSKAP","ARSITEK PERTAMANAN/LANSKAP","True","297","297","True"
"2163","True","True","DESAINER PRODUK DAN PAKAIAN JADI","DESAINER PRODUK DAN PAKAIAN JADI","True","299","299","True"
"2164","True","True","PERENCANA TATA KOTA DAN LALU LINTAS","PERENCANA TATA KOTA DAN LALU LINTAS","True","302","302","True"
"2165","True","True","AHLI PEMETAAN DAN SURVEYOR","AHLI PEMETAAN DAN SURVEYOR","True","304","304","True"
"2166","True","True","DESAINER GRAFIS DAN MULTIMEDIA","DESAINER GRAFIS DAN MULTIMEDIA","True","308","308","True"
"22","True","True","PROFESIONAL KESEHATAN","PROFESIONAL KESEHATAN","True","311","311","True"
"221","True","True","DOKTER MEDIS","DOKTER MEDIS","True","312","312","True"
"2211","True","True","PRAKTISI DOKTER UMUM","PRAKTISI DOKTER UMUM","True","313","313","True"
"2212","True","True","PRAKTISI DOKTER SPESIALIS","PRAKTISI DOKTER SPESIALIS","True","315","315","True"
"222","True","True","PROFESIONAL KEPERAWATAN DAN KEBIDANAN","PROFESIONAL KEPERAWATAN DAN KEBIDANAN","True","323","323","True"
"2221","True","True","PROFESIONAL KEPERAWATAN","PROFESIONAL KEPERAWATAN","True","324","324","True"
"2222","True","True","PROFESIONAL KEBIDANAN","PROFESIONAL KEBIDANAN","True","328","328","True"
"223","True","True","PROFESIONAL PENGOBATAN TRADISIONAL DAN KOMPLEMENTER","PROFESIONAL PENGOBATAN TRADISIONAL DAN KOMPLEMENTER","True","330","330","True"
"2230","True","True","PROFESIONAL PENGOBATAN TRADISIONAL DAN KOMPLEMENTER","PROFESIONAL PENGOBATAN TRADISIONAL DAN KOMPLEMENTER","True","330","330","True"
"224","True","True","PRAKTISI PARAMEDIS","PRAKTISI PARAMEDIS","True","334","334","True"
"2240","True","True","PRAKTISI PARAMEDIS","PRAKTISI PARAMEDIS","True","334","334","True"
"225","True","True","DOKTER HEWAN","DOKTER HEWAN","True","336","336","True"
"2250","True","True","DOKTER HEWAN","DOKTER HEWAN","True","337","337","True"
"226","True","True","PROFESIONAL KESEHATAN LAINNYA","PROFESIONAL KESEHATAN LAINNYA","True","339","339","True"
"2261","True","True","DOKTER GIGI","DOKTER GIGI","True","340","340","True"
"2262","True","True","APOTEKER","APOTEKER","True","344","344","True"
"2263","True","True","AHLI KESEHATAN DAN KEBERSIHAN LINGKUNGAN KERJA","AHLI KESEHATAN DAN KEBERSIHAN LINGKUNGAN KERJA","True","345","345","True"
"2264","True","True","AHLI FISIOTERAPI","AHLI FISIOTERAPI","True","349","349","True"
"2265","True","True","AHLI DIET DAN GIZI","AHLI DIET DAN GIZI","True","351","351","True"
"2266","True","True","AHLI TERAPI PENDENGARAN DAN TERAPI BICARA","AHLI TERAPI PENDENGARAN DAN TERAPI BICARA","True","353","353","True"
"2267","True","True","AHLI OPTOMETRIK DAN OPTIK OFTALMIK","AHLI OPTOMETRIK DAN OPTIK OFTALMIK","True","355","355","True"
"2269","True","True","AHLI KESEHATAN YTDL","AHLI KESEHATAN YTDL","True","356","356","True"
"23","True","True","PROFESIONAL PENDIDIKAN","PROFESIONAL PENDIDIKAN","True","357","357","True"
"231","True","True","DOSEN UNIVERSITAS DAN PENDIDIKAN TINGGI","DOSEN UNIVERSITAS DAN PENDIDIKAN TINGGI","True","358","358","True"
"2310","True","True","DOSEN UNIVERSITAS DAN PENDIDIKAN TINGGI","DOSEN UNIVERSITAS DAN PENDIDIKAN TINGGI","True","359","359","True"
"232","True","True","PENGAJAR PENDIDIKAN KEJURUAN","PENGAJAR PENDIDIKAN KEJURUAN","True","363","363","True"
"2320","True","True","PENGAJAR PENDIDIKAN KEJURUAN","PENGAJAR PENDIDIKAN KEJURUAN","True","364","364","True"
"233","True","True","GURU PENDIDIKAN MENENGAH","GURU PENDIDIKAN MENENGAH","True","366","366","True"
"2330","True","True","GURU PENDIDIKAN MENENGAH","GURU PENDIDIKAN MENENGAH","True","366","366","True"
"234","True","True","GURU SEKOLAH DASAR DAN ANAK USIA DINI","GURU SEKOLAH DASAR DAN ANAK USIA DINI","True","368","368","True"
"2341","True","True","GURU SEKOLAH DASAR","GURU SEKOLAH DASAR","True","368","368","True"
"2342","True","True","GURU ANAK USIA DINI","GURU ANAK USIA DINI","True","369","369","True"
"235","True","True","PROFESIONAL BIDANG PENDIDIKAN LAINNYA","PROFESIONAL BIDANG PENDIDIKAN LAINNYA","True","371","371","True"
"2351","True","True","SPESIALIS METODE PENDIDIKAN","SPESIALIS METODE PENDIDIKAN","True","372","372","True"
"2352","True","True","GURU SISWA BERKEBUTUHAN KHUSUS","GURU SISWA BERKEBUTUHAN KHUSUS","True","374","374","True"
"2353","True","True","GURU KURSUS BAHASA","GURU KURSUS BAHASA","True","375","375","True"
"2354","True","True","GURU KURSUS MUSIK","GURU KURSUS MUSIK","True","376","376","True"
"2355","True","True","GURU KURSUS SENI","GURU KURSUS SENI","True","378","378","True"
"2356","True","True","PENGAJAR TEKNOLOGI INFORMASI","PENGAJAR TEKNOLOGI INFORMASI","True","380","380","True"
"2359","True","True","PROFESIONAL BIDANG PENDIDIKAN LAINNYA YTDL","PROFESIONAL BIDANG PENDIDIKAN LAINNYA YTDL","True","381","381","True"
"24","True","True","PROFESIONAL BISNIS DAN ADMINISTRASI","PROFESIONAL BISNIS DAN ADMINISTRASI","True","383","383","True"
"241","True","True","PROFESIONAL KEUANGAN","PROFESIONAL KEUANGAN","True","383","383","True"
"2411","True","True","AKUNTAN","AKUNTAN","True","384","384","True"
"2412","True","True","KONSULTAN KEUANGAN DAN INVESTASI","KONSULTAN KEUANGAN DAN INVESTASI","True","387","387","True"
"2413","True","True","ANALIS KEUANGAN","ANALIS KEUANGAN","True","388","388","True"
"242","True","True","PROFESIONAL ADMINISTRASI","PROFESIONAL ADMINISTRASI","True","389","389","True"
"2421","True","True","ANALIS MANAJEMEN DAN ORGANISASI","ANALIS MANAJEMEN DAN ORGANISASI","True","389","389","True"
"2422","True","True","PROFESIONAL KEBIJAKAN ADMINISTRASI","PROFESIONAL KEBIJAKAN ADMINISTRASI","True","391","391","True"
"2423","True","True","PROFESIONAL PERSONALIA DAN KARIER","PROFESIONAL PERSONALIA DAN KARIER","True","392","392","True"
"2424","True","True","PROFESIONAL PELATIHAN DAN PENGEMBANGAN STAF","PROFESIONAL PELATIHAN DAN PENGEMBANGAN STAF","True","395","395","True"
"243","True","True","PROFESIONAL PENJUALAN, PEMASARAN, DAN HUBUNGAN MASYARAKAT","PROFESIONAL PENJUALAN, PEMASARAN, DAN HUBUNGAN MASYARAKAT","True","397","397","True"
"2431","True","True","PROFESIONAL PERIKLANAN DAN PEMASARAN","PROFESIONAL PERIKLANAN DAN PEMASARAN","True","397","397","True"
"2432","True","True","PROFESIONAL HUBUNGAN MASYARAKAT","PROFESIONAL HUBUNGAN MASYARAKAT","True","399","399","True"
"2433","True","True","PROFESIONAL PENJUALAN PRODUK TEKNIK DAN MEDIS (SELAIN TIK)","PROFESIONAL PENJUALAN PRODUK TEKNIK DAN MEDIS (SELAIN TIK)","True","400","400","True"
"2434","True","True","PROFESIONAL PENJUALAN PRODUK TEKNOLOGI INFORMASI DAN KOMUNIKASI","PROFESIONAL PENJUALAN PRODUK TEKNOLOGI INFORMASI DAN KOMUNIKASI","True","402","402","True"
"25","True","True","PROFESIONAL TEKNOLOGI INFORMASI DAN KOMUNIKASI","PROFESIONAL TEKNOLOGI INFORMASI DAN KOMUNIKASI","True","403","403","True"
"251","True","True","ANALIS DAN PENGEMBANG PERANGKAT LUNAK SERTA APLIKASI","ANALIS DAN PENGEMBANG PERANGKAT LUNAK SERTA APLIKASI","True","404","404","True"
"2511","True","True","ANALIS SISTEM","ANALIS SISTEM","True","404","404","True"
"2512","True","True","PENGEMBANG PERANGKAT LUNAK","PENGEMBANG PERANGKAT LUNAK","True","406","406","True"
"2513","True","True","PENGEMBANG WEB DAN MULTIMEDIA","PENGEMBANG WEB DAN MULTIMEDIA","True","408","408","True"
"2514","True","True","PEMROGRAM APLIKASI","PEMROGRAM APLIKASI","True","412","412","True"
"2515","True","True","AHLI KRIPTOGRAFI","AHLI KRIPTOGRAFI","True","412","412","True"
"2519","True","True","ANALIS DAN PENGEMBANG PERANGKAT LUNAK DAN APLIKASI YTDL","ANALIS DAN PENGEMBANG PERANGKAT LUNAK DAN APLIKASI YTDL","True","414","414","True"
"252","True","True","PROFESIONAL BASIS DATA DAN JARINGAN","PROFESIONAL BASIS DATA DAN JARINGAN","True","416","416","True"
"2521","True","True","PENGELOLA DAN DESAINER BASIS DATA","PENGELOLA DAN DESAINER BASIS DATA","True","416","416","True"
"2522","True","True","PENGELOLA SISTEM","PENGELOLA SISTEM","True","418","418","True"
"2523","True","True","PROFESIONAL JARINGAN KOMPUTER","PROFESIONAL JARINGAN KOMPUTER","True","419","419","True"
"2529","True","True","PROFESIONAL BASIS DATA DAN JARINGAN YTDL","PROFESIONAL BASIS DATA DAN JARINGAN YTDL","True","421","421","True"
"26","True","True","PROFESIONAL HUKUM, SOSIAL, DAN BUDAYA","PROFESIONAL HUKUM, SOSIAL, DAN BUDAYA","True","423","423","True"
"261","True","True","PROFESIONAL HUKUM","PROFESIONAL HUKUM","True","424","424","True"
"2611","True","True","PENGACARA","PENGACARA","True","424","424","True"
"2612","True","True","HAKIM","HAKIM","True","427","427","True"
"2619","True","True","PROFESIONAL HUKUM YTDL","PROFESIONAL HUKUM YTDL","True","429","429","True"
"262","True","True","PUSTAKAWAN, ARSIPARIS, DAN KURATOR","PUSTAKAWAN, ARSIPARIS, DAN KURATOR","True","430","430","True"
"2621","True","True","ARSIPARIS DAN KURATOR","ARSIPARIS DAN KURATOR","True","430","430","True"
"2622","True","True","PUSTAKAWAN DAN PROFESIONAL INFORMASI YBDI","PUSTAKAWAN DAN PROFESIONAL INFORMASI YBDI","True","432","432","True"
"263","True","True","PROFESIONAL SOSIAL DAN KEAGAMAAN","PROFESIONAL SOSIAL DAN KEAGAMAAN","True","434","434","True"
"2631","True","True","AHLI EKONOMI","AHLI EKONOMI","True","434","434","True"
"2632","True","True","AHLI SOSIOLOGI, ANTROPOLOGI, DAN PROFESIONAL YBDI","AHLI SOSIOLOGI, ANTROPOLOGI, DAN PROFESIONAL YBDI","True","437","437","True"
"2633","True","True","AHLI FILSAFAT, SEJARAWAN, DAN AHLI POLITIK","AHLI FILSAFAT, SEJARAWAN, DAN AHLI POLITIK","True","439","439","True"
"2634","True","True","PSIKOLOG","PSIKOLOG","True","441","441","True"
"2635","True","True","PROFESIONAL KONSELING DAN PEKERJA SOSIAL","PROFESIONAL KONSELING DAN PEKERJA SOSIAL","True","444","444","True"
"2636","True","True","PROFESIONAL PEMIMPIN KEAGAMAAN","PROFESIONAL PEMIMPIN KEAGAMAAN","True","449","449","True"
"264","True","True","PENULIS, WARTAWAN, DAN AHLI BAHASA","PENULIS, WARTAWAN, DAN AHLI BAHASA","True","450","450","True"
"2641","True","True","PENGARANG DAN PENULIS YBDI","PENGARANG DAN PENULIS YBDI","True","451","451","True"
"2642","True","True","WARTAWAN","WARTAWAN","True","455","455","True"
"2643","True","True","PENERJEMAH, ALIH BAHASA, DAN PROFESIONAL BAHASA LAINNYA","PENERJEMAH, ALIH BAHASA, DAN PROFESIONAL BAHASA LAINNYA","True","459","459","True"
"265","True","True","SENIMAN KREATIF DAN PERTUNJUKAN","SENIMAN KREATIF DAN PERTUNJUKAN","True","461","461","True"
"2651","True","True","SENIMAN VISUAL","SENIMAN VISUAL","True","461","461","True"
"2652","True","True","MUSISI, PENYANYI, DAN KOMPOSER","MUSISI, PENYANYI, DAN KOMPOSER","True","464","464","True"
"2653","True","True","PENARI DAN KOREOGRAFER","PENARI DAN KOREOGRAFER","True","466","466","True"
"2654","True","True","PRODUSER DAN SUTRADARA FILM, PEMENTASAN, DAN YBDI","PRODUSER DAN SUTRADARA FILM, PEMENTASAN, DAN YBDI","True","467","467","True"
"2655","True","True","AKTOR","AKTOR","True","471","471","True"
"2656","True","True","PENYIAR RADIO, TELEVISI, DAN MEDIA LAINNYA","PENYIAR RADIO, TELEVISI, DAN MEDIA LAINNYA","True","472","472","True"
"2659","True","True","SENIMAN KREATIF DAN PERTUNJUKAN YTDL","SENIMAN KREATIF DAN PERTUNJUKAN YTDL","True","474","474","True"
"3","True","True","TEKNISI DAN ASISTEN PROFESIONAL","TEKNISI DAN ASISTEN PROFESIONAL","True","479","479","True"
"31","True","True","ASISTEN AHLI ILMU PENGETAHUAN DAN TEKNIK","ASISTEN AHLI ILMU PENGETAHUAN DAN TEKNIK","True","479","479","True"
"311","True","True","TEKNISI ILMU FISIKA DAN TEKNIK","TEKNISI ILMU FISIKA DAN TEKNIK","True","480","480","True"
"3111","True","True","TEKNISI ILMU KIMIA DAN FISIKA","TEKNISI ILMU KIMIA DAN FISIKA","True","480","480","True"
"3112","True","True","TEKNISI SIPIL","TEKNISI SIPIL","True","483","483","True"
"3113","True","True","AHLI TEKNIK LISTRIK","AHLI TEKNIK LISTRIK","True","491","491","True"
"3114","True","True","TEKNISI ELEKTRONIK","TEKNISI ELEKTRONIK","True","493","493","True"
"3115","True","True","TEKNISI MEKANIS","TEKNISI MEKANIS","True","494","494","True"
"3116","True","True","TEKNISI KIMIA","TEKNISI KIMIA","True","498","498","True"
"3117","True","True","TEKNISI PERTAMBANGAN DAN METALURGI","TEKNISI PERTAMBANGAN DAN METALURGI","True","499","499","True"
"3118","True","True","JURU GAMBAR TEKNIK","JURU GAMBAR TEKNIK","True","502","502","True"
"3119","True","True","TEKNISI ILMU FISIKA DAN TEKNIK YTDL","TEKNISI ILMU FISIKA DAN TEKNIK YTDL","True","504","504","True"
"312","True","True","SUPERVISOR PERTAMBANGAN, INDUSTRI PENGOLAHAN, DAN KONSTRUKSI","SUPERVISOR PERTAMBANGAN, INDUSTRI PENGOLAHAN, DAN KONSTRUKSI","True","507","507","True"
"3121","True","True","SUPERVISOR PERTAMBANGAN","SUPERVISOR PERTAMBANGAN","True","508","508","True"
"3122","True","True","SUPERVISOR INDUSTRI PENGOLAHAN","SUPERVISOR INDUSTRI PENGOLAHAN","True","509","509","True"
"3123","True","True","SUPERVISOR KONSTRUKSI","SUPERVISOR KONSTRUKSI","True","512","512","True"
"313","True","True","TEKNISI PENGAWASAN PROSES","TEKNISI PENGAWASAN PROSES","True","513","513","True"
"3131","True","True","OPERATOR MESIN PRODUKSI TENAGA LISTRIK","OPERATOR MESIN PRODUKSI TENAGA LISTRIK","True","514","514","True"
"3132","True","True","OPERATOR BANGUNAN PEMBAKARAN SAMPAH (INSINERATOR) DAN PENGOLAHAN AIR","OPERATOR BANGUNAN PEMBAKARAN SAMPAH (INSINERATOR) DAN PENGOLAHAN AIR","True","519","519","True"
"3133","True","True","PENGAWAS MESIN PENGOLAHAN BAHAN KIMIA","PENGAWAS MESIN PENGOLAHAN BAHAN KIMIA","True","524","524","True"
"3134","True","True","PENGAWAS MESIN PENGILANGAN MINYAK BUMI DAN GAS ALAM","PENGAWAS MESIN PENGILANGAN MINYAK BUMI DAN GAS ALAM","True","527","527","True"
"3135","True","True","PENGAWAS PROSES PRODUKSI LOGAM","PENGAWAS PROSES PRODUKSI LOGAM","True","529","529","True"
"3139","True","True","TEKNISI PROSES KONTROL YTDL","TEKNISI PROSES KONTROL YTDL","True","531","531","True"
"314","True","True","TEKNISI ILMU HAYATI DAN ASISTEN PROFESIONAL YBDI","TEKNISI ILMU HAYATI DAN ASISTEN PROFESIONAL YBDI","True","532","532","True"
"3141","True","True","TEKNISI ILMU HAYATI (SELAIN KEDOKTERAN)","TEKNISI ILMU HAYATI (SELAIN KEDOKTERAN)","True","532","532","True"
"3142","True","True","TEKNISI PERTANIAN","TEKNISI PERTANIAN","True","536","536","True"
"3143","True","True","TEKNISI KEHUTANAN","TEKNISI KEHUTANAN","True","539","539","True"
"315","True","True","PENGAWAS DAN TEKNISI KAPAL DAN PESAWAT UDARA","PENGAWAS DAN TEKNISI KAPAL DAN PESAWAT UDARA","True","542","542","True"
"3151","True","True","TEKNISI KAPAL","TEKNISI KAPAL","True","542","542","True"
"3152","True","True","NAKHODA DAN PERWIRA GELADAK KAPAL","NAKHODA DAN PERWIRA GELADAK KAPAL","True","543","543","True"
"3153","True","True","PILOT DAN PROFESIONAL YBDI","PILOT DAN PROFESIONAL YBDI","True","544","544","True"
"3154","True","True","PENGAWAS LALU LINTAS UDARA","PENGAWAS LALU LINTAS UDARA","True","548","548","True"
"3155","True","True","TEKNISI PERANGKAT ELEKTRONIK KESELAMATAN LALU LINTAS UDARA","TEKNISI PERANGKAT ELEKTRONIK KESELAMATAN LALU LINTAS UDARA","True","549","549","True"
"32","True","True","ASISTEN PROFESIONAL KESEHATAN","ASISTEN PROFESIONAL KESEHATAN","True","550","550","True"
"321","True","True","TEKNISI MEDIS DAN FARMASI","TEKNISI MEDIS DAN FARMASI","True","551","551","True"
"3211","True","True","TEKNISI PERALATAN PEREKAM MEDIS DAN TERAPEUTIK","TEKNISI PERALATAN PEREKAM MEDIS DAN TERAPEUTIK","True","551","551","True"
"3212","True","True","TEKNISI LABORATORIUM MEDIS DAN PATOLOGI","TEKNISI LABORATORIUM MEDIS DAN PATOLOGI","True","555","555","True"
"3213","True","True","TEKNISI FARMASI DAN ASISTEN APOTEKER","TEKNISI FARMASI DAN ASISTEN APOTEKER","True","557","557","True"
"3214","True","True","TEKNISI PROSTETIK MEDIS DAN GIGI","TEKNISI PROSTETIK MEDIS DAN GIGI","True","559","559","True"
"322","True","True","ASISTEN PROFESIONAL KEPERAWATAN DAN KEBIDANAN","ASISTEN PROFESIONAL KEPERAWATAN DAN KEBIDANAN","True","562","562","True"
"3221","True","True","ASISTEN PROFESIONAL KEPERAWATAN","ASISTEN PROFESIONAL KEPERAWATAN","True","562","562","True"
"3222","True","True","ASISTEN PROFESIONAL KEBIDANAN","ASISTEN PROFESIONAL KEBIDANAN","True","565","565","True"
"323","True","True","ASISTEN PROFESIONAL PENGOBATAN TRADISIONAL DAN KOMPLEMENTER","ASISTEN PROFESIONAL PENGOBATAN TRADISIONAL DAN KOMPLEMENTER","True","567","567","True"
"3230","True","True","ASISTEN PROFESIONAL PENGOBATAN TRADISIONAL DAN KOMPLEMENTER","ASISTEN PROFESIONAL PENGOBATAN TRADISIONAL DAN KOMPLEMENTER","True","568","568","True"
"324","True","True","TEKNISI DAN ASISTEN KEDOKTERAN HEWAN","TEKNISI DAN ASISTEN KEDOKTERAN HEWAN","True","571","571","True"
"3240","True","True","TEKNISI DAN ASISTEN KEDOKTERAN HEWAN","TEKNISI DAN ASISTEN KEDOKTERAN HEWAN","True","571","571","True"
"325","True","True","ASISTEN PROFESIONAL KESEHATAN LAINNYA","ASISTEN PROFESIONAL KESEHATAN LAINNYA","True","574","574","True"
"3251","True","True","ASISTEN DAN TERAPIS GIGI","ASISTEN DAN TERAPIS GIGI","True","575","575","True"
"3252","True","True","TEKNISI INFORMASI KESEHATAN DAN REKAM MEDIS","TEKNISI INFORMASI KESEHATAN DAN REKAM MEDIS","True","577","577","True"
"3253","True","True","PEKERJA KESEHATAN MASYARAKAT","PEKERJA KESEHATAN MASYARAKAT","True","578","578","True"
"3254","True","True","OPTISIEN","OPTISIEN","True","580","580","True"
"3255","True","True","TEKNISI DAN ASISTEN FISIOTERAPI","TEKNISI DAN ASISTEN FISIOTERAPI","True","582","582","True"
"3256","True","True","ASISTEN MEDIS","ASISTEN MEDIS","True","586","586","True"
"3257","True","True","ASISTEN DAN PENGAWAS KESEHATAN LINGKUNGAN DAN PEKERJAAN","ASISTEN DAN PENGAWAS KESEHATAN LINGKUNGAN DAN PEKERJAAN","True","588","588","True"
"3258","True","True","PEKERJA AMBULANS","PEKERJA AMBULANS","True","590","590","True"
"3259","True","True","ASISTEN PROFESIONAL KESEHATAN YTDL","ASISTEN PROFESIONAL KESEHATAN YTDL","True","592","592","True"
"33","True","True","ASISTEN PROFESIONAL BISNIS DAN ADMINISTRASI","ASISTEN PROFESIONAL BISNIS DAN ADMINISTRASI","True","594","594","True"
"331","True","True","ASISTEN PROFESIONAL KEUANGAN DAN MATEMATIKA","ASISTEN PROFESIONAL KEUANGAN DAN MATEMATIKA","True","594","594","True"
"3311","True","True","DEALER DAN PIALANG SEKURITAS DAN KEUANGAN","DEALER DAN PIALANG SEKURITAS DAN KEUANGAN","True","595","595","True"
"3312","True","True","PETUGAS KREDIT DAN PINJAMAN","PETUGAS KREDIT DAN PINJAMAN","True","597","597","True"
"3313","True","True","ASISTEN PROFESIONAL AKUNTANSI","ASISTEN PROFESIONAL AKUNTANSI","True","598","598","True"
"3314","True","True","ASISTEN PROFESIONAL STATISTIKA, MATEMATIKA, DAN YBDI","ASISTEN PROFESIONAL STATISTIKA, MATEMATIKA, DAN YBDI","True","599","599","True"
"3315","True","True","JURU TAKSIR NILAI DAN KERUGIAN","JURU TAKSIR NILAI DAN KERUGIAN","True","601","601","True"
"332","True","True","AGEN DAN PERANTARA PENJUALAN DAN PEMBELIAN","AGEN DAN PERANTARA PENJUALAN DAN PEMBELIAN","True","603","603","True"
"3321","True","True","PERWAKILAN ASURANSI","PERWAKILAN ASURANSI","True","603","603","True"
"3322","True","True","PERWAKILAN PENJUALAN KOMERSIAL","PERWAKILAN PENJUALAN KOMERSIAL","True","604","604","True"
"3323","True","True","JURU PEMBELIAN","JURU PEMBELIAN","True","607","607","True"
"3324","True","True","PIALANG PERDAGANGAN","PIALANG PERDAGANGAN","True","609","609","True"
"333","True","True","AGEN JASA BISNIS","AGEN JASA BISNIS","True","611","611","True"
"3331","True","True","AGEN KLIRING DAN PENGIRIMAN","AGEN KLIRING DAN PENGIRIMAN","True","611","611","True"
"3332","True","True","PERENCANA KONFERENSI DAN ACARA","PERENCANA KONFERENSI DAN ACARA","True","613","613","True"
"3333","True","True","AGEN DAN KONTRAKTOR TENAGA KERJA","AGEN DAN KONTRAKTOR TENAGA KERJA","True","614","614","True"
"3334","True","True","AGEN REAL ESTAT DAN MANAJER PROPERTI","AGEN REAL ESTAT DAN MANAJER PROPERTI","True","616","616","True"
"3339","True","True","AGEN JASA BISNIS YTDL","AGEN JASA BISNIS YTDL","True","618","618","True"
"334","True","True","SEKRETARIS ADMINISTRASI DAN KHUSUS","SEKRETARIS ADMINISTRASI DAN KHUSUS","True","620","620","True"
"3341","True","True","SUPERVISOR KANTOR","SUPERVISOR KANTOR","True","621","621","True"
"3342","True","True","SEKRETARIS HUKUM","SEKRETARIS HUKUM","True","623","623","True"
"3343","True","True","SEKRETARIS ADMINISTRASI DAN EKSEKUTIF","SEKRETARIS ADMINISTRASI DAN EKSEKUTIF","True","625","625","True"
"3344","True","True","SEKRETARIS MEDIS","SEKRETARIS MEDIS","True","628","628","True"
"335","True","True","PROFESIONAL PEMERINTAHAN","PROFESIONAL PEMERINTAHAN","True","630","630","True"
"3351","True","True","PENGAWAS BEA CUKAI DAN PERBATASAN","PENGAWAS BEA CUKAI DAN PERBATASAN","True","631","631","True"
"3352","True","True","PETUGAS PAJAK DAN RETRIBUSI PEMERINTAH","PETUGAS PAJAK DAN RETRIBUSI PEMERINTAH","True","634","634","True"
"3353","True","True","PEGAWAI PEMERINTAH BIDANG JAMINAN SOSIAL","PEGAWAI PEMERINTAH BIDANG JAMINAN SOSIAL","True","635","635","True"
"3354","True","True","PEGAWAI PEMERINTAH BIDANG PERIZINAN","PEGAWAI PEMERINTAH BIDANG PERIZINAN","True","636","636","True"
"3359","True","True","PROFESIONAL PEMERINTAHAN YTDL","PROFESIONAL PEMERINTAHAN YTDL","True","637","637","True"
"34","True","True","ASISTEN PROFESIONAL HUKUM, SOSIAL, BUDAYA, DAN YBDI","ASISTEN PROFESIONAL HUKUM, SOSIAL, BUDAYA, DAN YBDI","True","640","640","True"
"341","True","True","ASISTEN PROFESIONAL HUKUM, SOSIAL, DAN KEAGAMAAN","ASISTEN PROFESIONAL HUKUM, SOSIAL, DAN KEAGAMAAN","True","640","640","True"
"3411","True","True","ASISTEN PROFESIONAL HUKUM DAN YBDI","ASISTEN PROFESIONAL HUKUM DAN YBDI","True","641","641","True"
"3412","True","True","ASISTEN PROFESIONAL PEKERJAAN SOSIAL","ASISTEN PROFESIONAL PEKERJAAN SOSIAL","True","644","644","True"
"3413","True","True","ASISTEN PROFESIONAL KEAGAMAAN","ASISTEN PROFESIONAL KEAGAMAAN","True","646","646","True"
"342","True","True","PEKERJA OLAHRAGA DAN KEBUGARAN","PEKERJA OLAHRAGA DAN KEBUGARAN","True","649","649","True"
"3421","True","True","ATLET DAN OLAHRAGAWAN","ATLET DAN OLAHRAGAWAN","True","649","649","True"
"3422","True","True","PELATIH, INSTRUKTUR, DAN KRU OLAHRAGA","PELATIH, INSTRUKTUR, DAN KRU OLAHRAGA","True","650","650","True"
"3423","True","True","INSTRUKTUR DAN PELATIH PROGRAM KEBUGARAN DAN REKREASI","INSTRUKTUR DAN PELATIH PROGRAM KEBUGARAN DAN REKREASI","True","653","653","True"
"343","True","True","ASISTEN PROFESIONAL KESENIAN, BUDAYA, DAN KULINER","ASISTEN PROFESIONAL KESENIAN, BUDAYA, DAN KULINER","True","655","655","True"
"3431","True","True","FOTOGRAFER","FOTOGRAFER","True","656","656","True"
"3432","True","True","DESAINER DAN DEKORATOR INTERIOR","DESAINER DAN DEKORATOR INTERIOR","True","658","658","True"
"3433","True","True","TEKNISI GALERI, MUSEUM, DAN PERPUSTAKAAN","TEKNISI GALERI, MUSEUM, DAN PERPUSTAKAAN","True","660","660","True"
"3434","True","True","CHEF","CHEF","True","662","662","True"
"3435","True","True","ASISTEN PROFESIONAL KESENIAN DAN BUDAYA LAINNYA","ASISTEN PROFESIONAL KESENIAN DAN BUDAYA LAINNYA","True","663","663","True"
"35","True","True","TEKNISI INFORMASI DAN KOMUNIKASI","TEKNISI INFORMASI DAN KOMUNIKASI","True","670","670","True"
"351","True","True","TEKNISI OPERASI TEKNOLOGI INFORMASI DAN KOMUNIKASI DAN PENDUKUNG PENGGUNA","TEKNISI OPERASI TEKNOLOGI INFORMASI DAN KOMUNIKASI DAN PENDUKUNG PENGGUNA","True","670","670","True"
"3511","True","True","TEKNISI OPERASI TEKNOLOGI INFORMASI DAN KOMUNIKASI","TEKNISI OPERASI TEKNOLOGI INFORMASI DAN KOMUNIKASI","True","671","671","True"
"3512","True","True","TEKNISI PENDUKUNG PENGGUNAAN TEKNOLOGI INFORMASI DAN KOMUNIKASI","TEKNISI PENDUKUNG PENGGUNAAN TEKNOLOGI INFORMASI DAN KOMUNIKASI","True","673","673","True"
"3513","True","True","TEKNISI JARINGAN DAN SISTEM KOMPUTER","TEKNISI JARINGAN DAN SISTEM KOMPUTER","True","674","674","True"
"3514","True","True","TEKNISI WEB","TEKNISI WEB","True","675","675","True"
"352","True","True","TEKNISI TELEKOMUNIKASI DAN PENYIARAN","TEKNISI TELEKOMUNIKASI DAN PENYIARAN","True","677","677","True"
"3521","True","True","TEKNISI PENYIARAN DAN AUDIO-VISUAL","TEKNISI PENYIARAN DAN AUDIO-VISUAL","True","677","677","True"
"3522","True","True","TEKNISI REKAYASA TELEKOMUNIKASI","TEKNISI REKAYASA TELEKOMUNIKASI","True","680","680","True"
"4","True","True","TENAGA TATA USAHA","TENAGA TATA USAHA","True","685","685","True"
"41","True","True","TENAGA TATA USAHA PERKANTORAN UMUM","TENAGA TATA USAHA PERKANTORAN UMUM","True","685","685","True"
"411","True","True","TENAGA PERKANTORAN UMUM","TENAGA PERKANTORAN UMUM","True","685","685","True"
"4110","True","True","TENAGA PERKANTORAN UMUM","TENAGA PERKANTORAN UMUM","True","686","686","True"
"412","True","True","SEKRETARIS","SEKRETARIS","True","686","686","True"
"4120","True","True","SEKRETARIS","SEKRETARIS","True","687","687","True"
"413","True","True","JURU KETIK","JURU KETIK","True","688","688","True"
"4131","True","True","JURU KETIK DAN OPERATOR MESIN PENGOLAH KATA","JURU KETIK DAN OPERATOR MESIN PENGOLAH KATA","True","688","688","True"
"4132","True","True","PETUGAS ENTRI DATA","PETUGAS ENTRI DATA","True","690","690","True"
"42","True","True","TENAGA TATA USAHA PELAYANAN PELANGGAN","TENAGA TATA USAHA PELAYANAN PELANGGAN","True","691","691","True"
"421","True","True","TELLER, KOLEKTOR UANG, DAN YBDI","TELLER, KOLEKTOR UANG, DAN YBDI","True","691","691","True"
"4211","True","True","TELLER BANK DAN YBDI","TELLER BANK DAN YBDI","True","692","692","True"
"4212","True","True","JURU GADAI DAN PEMBERI PINJAMAN UANG","JURU GADAI DAN PEMBERI PINJAMAN UANG","True","693","693","True"
"4213","True","True","PENAGIH HUTANG DAN YBDI","PENAGIH HUTANG DAN YBDI","True","694","694","True"
"4219","True","True","TELLER, KOLEKTOR UANG, DAN YBDI LAINNYA","TELLER, KOLEKTOR UANG, DAN YBDI LAINNYA","True","695","695","True"
"422","True","True","TENAGA TATA USAHA INFORMASI PELANGGAN","TENAGA TATA USAHA INFORMASI PELANGGAN","True","696","696","True"
"4221","True","True","TENAGA TATA USAHA PERJALANAN DAN KONSULTAN PERJALANAN","TENAGA TATA USAHA PERJALANAN DAN KONSULTAN PERJALANAN","True","696","696","True"
"4222","True","True","TENAGA TATA USAHA INFORMASI PUSAT KONTAK","TENAGA TATA USAHA INFORMASI PUSAT KONTAK","True","698","698","True"
"4223","True","True","OPERATOR TELEPON","OPERATOR TELEPON","True","699","699","True"
"4224","True","True","RESEPSIONIS HOTEL","RESEPSIONIS HOTEL","True","700","700","True"
"4225","True","True","TENAGA TATA USAHA PENERANGAN","TENAGA TATA USAHA PENERANGAN","True","701","701","True"
"4226","True","True","RESEPSIONIS","RESEPSIONIS","True","702","702","True"
"4227","True","True","PEWAWANCARA SURVEI DAN PENELITIAN PASAR","PEWAWANCARA SURVEI DAN PENELITIAN PASAR","True","703","703","True"
"4229","True","True","TENAGA TATA USAHA INFORMASI PELANGGAN YTDL","TENAGA TATA USAHA INFORMASI PELANGGAN YTDL","True","704","704","True"
"43","True","True","TENAGA TATA USAHA PENGHITUNGAN DAN PENCATATAN DOKUMEN","TENAGA TATA USAHA PENGHITUNGAN DAN PENCATATAN DOKUMEN","True","705","705","True"
"431","True","True","TENAGA TATA USAHA PENGHITUNGAN","TENAGA TATA USAHA PENGHITUNGAN","True","705","705","True"
"4311","True","True","JURU TATA USAHA AKUNTANSI DAN PEMBUKUAN","JURU TATA USAHA AKUNTANSI DAN PEMBUKUAN","True","706","706","True"
"4312","True","True","JURU TATA USAHA STATISTIK, KEUANGAN, DAN ASURANSI","JURU TATA USAHA STATISTIK, KEUANGAN, DAN ASURANSI","True","707","707","True"
"4313","True","True","JURU TATA USAHA PENGGAJIAN","JURU TATA USAHA PENGGAJIAN","True","710","710","True"
"432","True","True","TENAGA TATA USAHA PENCATATAN BARANG DAN TRANSPORTASI","TENAGA TATA USAHA PENCATATAN BARANG DAN TRANSPORTASI","True","711","711","True"
"4321","True","True","JURU TATA USAHA PERGUDANGAN","JURU TATA USAHA PERGUDANGAN","True","711","711","True"
"4322","True","True","JURU TATA USAHA PRODUKSI","JURU TATA USAHA PRODUKSI","True","713","713","True"
"4323","True","True","JURU TATA USAHA TRANSPORTASI","JURU TATA USAHA TRANSPORTASI","True","714","714","True"
"44","True","True","TENAGA TATA USAHA LAINNYA","TENAGA TATA USAHA LAINNYA","True","716","716","True"
"441","True","True","TENAGA TATA USAHA LAINNYA","TENAGA TATA USAHA LAINNYA","True","716","716","True"
"4411","True","True","JURU TATA USAHA PERPUSTAKAAN","JURU TATA USAHA PERPUSTAKAAN","True","716","716","True"
"4412","True","True","JURU TATA USAHA PENGIRIMAN DAN PENYORTIRAN SURAT","JURU TATA USAHA PENGIRIMAN DAN PENYORTIRAN SURAT","True","717","717","True"
"4413","True","True","JURU KODE, JURU KOREKSI, DAN YBDI","JURU KODE, JURU KOREKSI, DAN YBDI","True","718","718","True"
"4414","True","True","JURU TULIS DAN YBDI","JURU TULIS DAN YBDI","True","719","719","True"
"4415","True","True","JURU TATA USAHA PENGARSIPAN DAN PENGGANDAAN","JURU TATA USAHA PENGARSIPAN DAN PENGGANDAAN","True","720","720","True"
"4416","True","True","JURU TATA USAHA PERSONALIA","JURU TATA USAHA PERSONALIA","True","721","721","True"
"4419","True","True","JURU TATA USAHA YTDL","JURU TATA USAHA YTDL","True","722","722","True"
"5","True","True","TENAGA USAHA JASA DAN TENAGA PENJUALAN","TENAGA USAHA JASA DAN TENAGA PENJUALAN","True","727","727","True"
"51","True","True","TENAGA USAHA JASA PERORANGAN","TENAGA USAHA JASA PERORANGAN","True","727","727","True"
"511","True","True","TENAGA PELAYANAN PERJALANAN, KONDEKTUR, DAN PRAMUWISATA","TENAGA PELAYANAN PERJALANAN, KONDEKTUR, DAN PRAMUWISATA","True","728","728","True"
"5111","True","True","TENAGA PELAYANAN PERJALANAN","TENAGA PELAYANAN PERJALANAN","True","728","728","True"
"5112","True","True","KONDEKTUR TRANSPORTASI","KONDEKTUR TRANSPORTASI","True","730","730","True"
"5113","True","True","PRAMUWISATA","PRAMUWISATA","True","731","731","True"
"512","True","True","JURU MASAK","JURU MASAK","True","733","733","True"
"5120","True","True","JURU MASAK","JURU MASAK","True","734","734","True"
"513","True","True","PRAMUSAJI DAN PRAMUTAMA BAR/BARTENDER","PRAMUSAJI DAN PRAMUTAMA BAR/BARTENDER","True","735","735","True"
"5131","True","True","PRAMUSAJI","PRAMUSAJI","True","735","735","True"
"5132","True","True","PRAMUTAMA BAR/BARTENDER","PRAMUTAMA BAR/BARTENDER","True","736","736","True"
"514","True","True","PENATA RAMBUT, PERAWAT KECANTIKAN/BEAUTICIAN, DAN YBDI","PENATA RAMBUT, PERAWAT KECANTIKAN/BEAUTICIAN, DAN YBDI","True","737","737","True"
"5141","True","True","PENATA RAMBUT","PENATA RAMBUT","True","737","737","True"
"5142","True","True","PERAWAT KECANTIKAN/BEAUTICIAN DAN YBDI","PERAWAT KECANTIKAN/BEAUTICIAN DAN YBDI","True","738","738","True"
"515","True","True","TENAGA PENGAWAS GEDUNG DAN KERUMAHTANGGAAN","TENAGA PENGAWAS GEDUNG DAN KERUMAHTANGGAAN","True","740","740","True"
"5151","True","True","PENGAWAS KEBERSIHAN DAN KERUMAHTANGGAAN DI KANTOR, HOTEL, DAN BANGUNAN LAINNYA","PENGAWAS KEBERSIHAN DAN KERUMAHTANGGAAN DI KANTOR, HOTEL, DAN BANGUNAN LAINNYA","True","740","740","True"
"5152","True","True","PENGURUS KERUMAHTANGGAAN","PENGURUS KERUMAHTANGGAAN","True","742","742","True"
"5153","True","True","PENGELOLA GEDUNG","PENGELOLA GEDUNG","True","743","743","True"
"516","True","True","TENAGA USAHA JASA PERORANGAN LAINNYA","TENAGA USAHA JASA PERORANGAN LAINNYA","True","745","745","True"
"5161","True","True","ASTROLOG, PERAMAL, DAN YBDI","ASTROLOG, PERAMAL, DAN YBDI","True","745","745","True"
"5162","True","True","AJUDAN DAN PELAYAN PRIBADI","AJUDAN DAN PELAYAN PRIBADI","True","747","747","True"
"5163","True","True","PENGURUS PEMBALSEMAN DAN PEMAKAMAN JENAZAH","PENGURUS PEMBALSEMAN DAN PEMAKAMAN JENAZAH","True","748","748","True"
"5164","True","True","PELATIH DAN PEKERJA PERAWATAN HEWAN","PELATIH DAN PEKERJA PERAWATAN HEWAN","True","749","749","True"
"5165","True","True","INSTRUKTUR MENGEMUDI","INSTRUKTUR MENGEMUDI","True","751","751","True"
"5169","True","True","TENAGA USAHA JASA PERORANGAN YTDL","TENAGA USAHA JASA PERORANGAN YTDL","True","752","752","True"
"52","True","True","TENAGA PENJUALAN","TENAGA PENJUALAN","True","753","753","True"
"521","True","True","PEDAGANG PASAR DAN KAKI LIMA","PEDAGANG PASAR DAN KAKI LIMA","True","753","753","True"
"5211","True","True","PEDAGANG DI KIOS DAN LOS PASAR","PEDAGANG DI KIOS DAN LOS PASAR","True","754","754","True"
"5212","True","True","PEDAGANG MAKANAN KAKI LIMA","PEDAGANG MAKANAN KAKI LIMA","True","756","756","True"
"522","True","True","PEDAGANG TOKO","PEDAGANG TOKO","True","756","756","True"
"5221","True","True","PEMILIK TOKO","PEMILIK TOKO","True","757","757","True"
"5222","True","True","SUPERVISOR TOKO","SUPERVISOR TOKO","True","758","758","True"
"5223","True","True","ASISTEN PENJUALAN TOKO","ASISTEN PENJUALAN TOKO","True","760","760","True"
"523","True","True","KASIR DAN PETUGAS TIKET","KASIR DAN PETUGAS TIKET","True","761","761","True"
"5230","True","True","KASIR DAN PETUGAS TIKET","KASIR DAN PETUGAS TIKET","True","762","762","True"
"524","True","True","PEKERJA PENJUALAN LAINNYA","PEKERJA PENJUALAN LAINNYA","True","763","763","True"
"5241","True","True","MODEL FESYEN DAN MODEL LAINNYA","MODEL FESYEN DAN MODEL LAINNYA","True","764","764","True"
"5242","True","True","PERAGA PENJUALAN","PERAGA PENJUALAN","True","765","765","True"
"5243","True","True","PEDAGANG RUMAH KE RUMAH","PEDAGANG RUMAH KE RUMAH","True","766","766","True"
"5244","True","True","PEDAGANG MELALUI PUSAT INFORMASI","PEDAGANG MELALUI PUSAT INFORMASI","True","767","767","True"
"5245","True","True","PETUGAS STASIUN PENGISIAN BAHAN BAKAR","PETUGAS STASIUN PENGISIAN BAHAN BAKAR","True","768","768","True"
"5246","True","True","PETUGAS KONTER LAYANAN MAKANAN","PETUGAS KONTER LAYANAN MAKANAN","True","770","770","True"
"5249","True","True","PEKERJA PENJUALAN YTDL","PEKERJA PENJUALAN YTDL","True","771","771","True"
"53","True","True","TENAGA PERAWATAN PRIBADI","TENAGA PERAWATAN PRIBADI","True","772","772","True"
"531","True","True","PEKERJA PERAWATAN ANAK DAN ASISTEN PENGAJAR","PEKERJA PERAWATAN ANAK DAN ASISTEN PENGAJAR","True","772","772","True"
"5311","True","True","PEKERJA PERAWATAN ANAK","PEKERJA PERAWATAN ANAK","True","772","772","True"
"5312","True","True","ASISTEN PENGAJAR","ASISTEN PENGAJAR","True","774","774","True"
"532","True","True","PEKERJA PERAWATAN PRIBADI DALAM JASA KESEHATAN","PEKERJA PERAWATAN PRIBADI DALAM JASA KESEHATAN","True","775","775","True"
"5321","True","True","ASISTEN PERAWATAN KESEHATAN","ASISTEN PERAWATAN KESEHATAN","True","776","776","True"
"5322","True","True","PEKERJA PERAWATAN PRIBADI DI RUMAH","PEKERJA PERAWATAN PRIBADI DI RUMAH","True","778","778","True"
"5329","True","True","PEKERJA PERAWATAN PRIBADI DALAM JASA KESEHATAN YTDL","PEKERJA PERAWATAN PRIBADI DALAM JASA KESEHATAN YTDL","True","781","781","True"
"54","True","True","TENAGA USAHA JASA PERLINDUNGAN","TENAGA USAHA JASA PERLINDUNGAN","True","783","783","True"
"541","True","True","TENAGA USAHA JASA PERLINDUNGAN","TENAGA USAHA JASA PERLINDUNGAN","True","783","783","True"
"5411","True","True","PETUGAS PEMADAM KEBAKARAN","PETUGAS PEMADAM KEBAKARAN","True","784","784","True"
"5413","True","True","PENJAGA LEMBAGA PEMASYARAKATAN","PENJAGA LEMBAGA PEMASYARAKATAN","True","785","785","True"
"5414","True","True","PENJAGA KEAMANAN","PENJAGA KEAMANAN","True","786","786","True"
"5419","True","True","TENAGA USAHA JASA PERLINDUNGAN YTDL","TENAGA USAHA JASA PERLINDUNGAN YTDL","True","788","788","True"
"6","True","True","PEKERJA TERAMPIL PERTANIAN, KEHUTANAN, DAN PERIKANAN","PEKERJA TERAMPIL PERTANIAN, KEHUTANAN, DAN PERIKANAN","True","793","793","True"
"61","True","True","PEKERJA TERAMPIL PERTANIAN BERORIENTASI PASAR","PEKERJA TERAMPIL PERTANIAN BERORIENTASI PASAR","True","793","793","True"
"611","True","True","PEKERJA PERTANIAN DAN PERKEBUNAN","PEKERJA PERTANIAN DAN PERKEBUNAN","True","794","794","True"
"6111","True","True","PEKERJA PERTANIAN TANAMAN PANGAN DAN TANAMAN SEMUSIM","PEKERJA PERTANIAN TANAMAN PANGAN DAN TANAMAN SEMUSIM","True","794","794","True"
"6112","True","True","PEKERJA PERTANIAN TANAMAN TAHUNAN DAN TANAMAN SEMAK","PEKERJA PERTANIAN TANAMAN TAHUNAN DAN TANAMAN SEMAK","True","797","797","True"
"6113","True","True","PEKERJA PERTANIAN TANAMAN KEBUN BIBIT DAN TANAMAN TAMAN","PEKERJA PERTANIAN TANAMAN KEBUN BIBIT DAN TANAMAN TAMAN","True","800","800","True"
"6114","True","True","PEKERJA PERTANIAN TANAMAN CAMPURAN (TUMPANG SARI)","PEKERJA PERTANIAN TANAMAN CAMPURAN (TUMPANG SARI)","True","802","802","True"
"612","True","True","PEKERJA PETERNAKAN","PEKERJA PETERNAKAN","True","803","803","True"
"6121","True","True","PEKERJA PETERNAKAN HEWAN BESAR DAN KECIL SERTA PENGHASIL SUSU","PEKERJA PETERNAKAN HEWAN BESAR DAN KECIL SERTA PENGHASIL SUSU","True","804","804","True"
"6122","True","True","PEKERJA PETERNAKAN UNGGAS","PEKERJA PETERNAKAN UNGGAS","True","810","810","True"
"6123","True","True","PEKERJA PETERNAKAN LEBAH DAN ULAT SUTRA","PEKERJA PETERNAKAN LEBAH DAN ULAT SUTRA","True","811","811","True"
"6129","True","True","PEKERJA PETERNAKAN YTDL","PEKERJA PETERNAKAN YTDL","True","812","812","True"
"613","True","True","PEKERJA CAMPURAN PERTANIAN DAN PETERNAKAN","PEKERJA CAMPURAN PERTANIAN DAN PETERNAKAN","True","814","814","True"
"6130","True","True","PEKERJA CAMPURAN PERTANIAN DAN PETERNAKAN","PEKERJA CAMPURAN PERTANIAN DAN PETERNAKAN","True","815","815","True"
"62","True","True","PEKERJA TERAMPIL KEHUTANAN, PERIKANAN, DAN PERBURUAN BERORIENTASI PASAR","PEKERJA TERAMPIL KEHUTANAN, PERIKANAN, DAN PERBURUAN BERORIENTASI PASAR","True","816","816","True"
"621","True","True","PEKERJA KEHUTANAN DAN YBDI","PEKERJA KEHUTANAN DAN YBDI","True","817","817","True"
"6210","True","True","PEKERJA KEHUTANAN DAN YBDI","PEKERJA KEHUTANAN DAN YBDI","True","817","817","True"
"622","True","True","PEKERJA PERIKANAN, PERBURUAN, DAN PENANGKAPAN SATWA LIAR","PEKERJA PERIKANAN, PERBURUAN, DAN PENANGKAPAN SATWA LIAR","True","820","820","True"
"6221","True","True","PEKERJA BUDIDAYA PERIKANAN","PEKERJA BUDIDAYA PERIKANAN","True","821","821","True"
"6222","True","True","PEKERJA PERIKANAN TANGKAP DI PERAIRAN UMUM DAN PESISIR","PEKERJA PERIKANAN TANGKAP DI PERAIRAN UMUM DAN PESISIR","True","824","824","True"
"6223","True","True","PEKERJA PERIKANAN TANGKAP DI LAUT DALAM","PEKERJA PERIKANAN TANGKAP DI LAUT DALAM","True","825","825","True"
"6224","True","True","PEMBURU DAN PENANGKAPAN SATWA LIAR","PEMBURU DAN PENANGKAPAN SATWA LIAR","True","827","827","True"
"63","True","True","PETANI, NELAYAN, PEMBURU, DAN PENGUMPUL SUBSISTEN","PETANI, NELAYAN, PEMBURU, DAN PENGUMPUL SUBSISTEN","True","828","828","True"
"631","True","True","PETANI SUBSISTEN","PETANI SUBSISTEN","True","828","828","True"
"6310","True","True","PETANI SUBSISTEN","PETANI SUBSISTEN","True","829","829","True"
"632","True","True","PETERNAK SUBSISTEN","PETERNAK SUBSISTEN","True","830","830","True"
"6320","True","True","PETERNAK SUBSISTEN","PETERNAK SUBSISTEN","True","830","830","True"
"633","True","True","PETANI DAN PETERNAK (CAMPURAN) SUBSISTEN","PETANI DAN PETERNAK (CAMPURAN) SUBSISTEN","True","831","831","True"
"6330","True","True","PETANI DAN PETERNAK (CAMPURAN) SUBSISTEN","PETANI DAN PETERNAK (CAMPURAN) SUBSISTEN","True","832","832","True"
"634","True","True","NELAYAN, PEMBURU, PENANGKAP, DAN PENGUMPUL SUBSISTEN","NELAYAN, PEMBURU, PENANGKAP, DAN PENGUMPUL SUBSISTEN","True","833","833","True"
"6340","True","True","NELAYAN, PEMBURU, PENANGKAP, DAN PENGUMPUL SUBSISTEN","NELAYAN, PEMBURU, PENANGKAP, DAN PENGUMPUL SUBSISTEN","True","833","833","True"
"7","True","True","PEKERJA PENGOLAHAN, KERAJINAN, DAN YBDI","PEKERJA PENGOLAHAN, KERAJINAN, DAN YBDI","True","839","839","True"
"71","True","True","PEKERJA BANGUNAN DAN YBDI, SELAIN PEKERJA KELISTRIKAN","PEKERJA BANGUNAN DAN YBDI, SELAIN PEKERJA KELISTRIKAN","True","839","839","True"
"711","True","True","PEKERJA KERANGKA BANGUNAN DAN YBDI","PEKERJA KERANGKA BANGUNAN DAN YBDI","True","840","840","True"
"7111","True","True","PEKERJA BANGUNAN RUMAH","PEKERJA BANGUNAN RUMAH","True","841","841","True"
"7112","True","True","TUKANG TEMBOK DAN YBDI","TUKANG TEMBOK DAN YBDI","True","841","841","True"
"7113","True","True","PEMBELAH, PEMOTONG, PEMECAH, DAN PEMAHAT BATU","PEMBELAH, PEMOTONG, PEMECAH, DAN PEMAHAT BATU","True","842","842","True"
"7114","True","True","TUKANG BETON DAN YBDI","TUKANG BETON DAN YBDI","True","843","843","True"
"7115","True","True","TUKANG KAYU BANGUNAN","TUKANG KAYU BANGUNAN","True","843","843","True"
"7119","True","True","PEKERJA KERANGKA BANGUNAN YTDL","PEKERJA KERANGKA BANGUNAN YTDL","True","845","845","True"
"712","True","True","PEKERJA PENYELESAIAN BANGUNAN DAN YBDI","PEKERJA PENYELESAIAN BANGUNAN DAN YBDI","True","846","846","True"
"7121","True","True","PEKERJA ATAP BANGUNAN","PEKERJA ATAP BANGUNAN","True","847","847","True"
"7122","True","True","PEKERJA LANTAI DAN UBIN","PEKERJA LANTAI DAN UBIN","True","848","848","True"
"7123","True","True","PEKERJA PLESTER","PEKERJA PLESTER","True","849","849","True"
"7124","True","True","PEKERJA ISOLASI","PEKERJA ISOLASI","True","850","850","True"
"7125","True","True","PEKERJA KACA","PEKERJA KACA","True","852","852","True"
"7126","True","True","PEKERJA PERPIPAAN","PEKERJA PERPIPAAN","True","853","853","True"
"7127","True","True","MEKANIK PENDINGIN UDARA DAN LEMARI PENDINGIN","MEKANIK PENDINGIN UDARA DAN LEMARI PENDINGIN","True","854","854","True"
"713","True","True","PEKERJA PENGECATAN, PEMBERSIH BANGUNAN, DAN YBDI","PEKERJA PENGECATAN, PEMBERSIH BANGUNAN, DAN YBDI","True","854","854","True"
"7131","True","True","PEKERJA PENGECATAN BANGUNAN DAN YBDI","PEKERJA PENGECATAN BANGUNAN DAN YBDI","True","855","855","True"
"7132","True","True","PEKERJA CAT SEMPROT DAN VERNIS","PEKERJA CAT SEMPROT DAN VERNIS","True","856","856","True"
"7133","True","True","PEMBERSIH BANGUNAN","PEMBERSIH BANGUNAN","True","857","857","True"
"72","True","True","PEKERJA LOGAM, PERMESINAN, DAN YBDI","PEKERJA LOGAM, PERMESINAN, DAN YBDI","True","857","857","True"
"721","True","True","PEKERJA PENCETAK STRUKTUR DAN LEMBARAN LOGAM, PELEBUR LOGAM, TUKANG LAS, DAN YBDI","PEKERJA PENCETAK STRUKTUR DAN LEMBARAN LOGAM, PELEBUR LOGAM, TUKANG LAS, DAN YBDI","True","858","858","True"
"7211","True","True","PELEBUR DAN PENCETAK INTI LOGAM","PELEBUR DAN PENCETAK INTI LOGAM","True","859","859","True"
"7212","True","True","PEKERJA PEMOTONGAN DAN PENGELASAN","PEKERJA PEMOTONGAN DAN PENGELASAN","True","859","859","True"
"7213","True","True","PEKERJA LOGAM LEMBARAN","PEKERJA LOGAM LEMBARAN","True","861","861","True"
"7214","True","True","PEKERJA PENYIAPAN DAN PEMANCANGAN STRUKTUR LOGAM","PEKERJA PENYIAPAN DAN PEMANCANGAN STRUKTUR LOGAM","True","862","862","True"
"7215","True","True","PEMASANG DAN PENYAMBUNG TALI KABEL","PEMASANG DAN PENYAMBUNG TALI KABEL","True","863","863","True"
"722","True","True","PANDAI BESI, PEMBUAT PERKAKAS, DAN YBDI","PANDAI BESI, PEMBUAT PERKAKAS, DAN YBDI","True","864","864","True"
"7221","True","True","PANDAI BESI, PEKERJA TEMPA, DAN PRESS LOGAM","PANDAI BESI, PEKERJA TEMPA, DAN PRESS LOGAM","True","864","864","True"
"7222","True","True","PEMBUAT PERKAKAS DAN YBDI","PEMBUAT PERKAKAS DAN YBDI","True","865","865","True"
"7223","True","True","OPERATOR DAN PENYETEL MESIN PENGERJAAN LOGAM","OPERATOR DAN PENYETEL MESIN PENGERJAAN LOGAM","True","867","867","True"
"7224","True","True","PEMOLES LOGAM, PENGASAH, DAN PENAJAM PERKAKAS LOGAM","PEMOLES LOGAM, PENGASAH, DAN PENAJAM PERKAKAS LOGAM","True","868","868","True"
"723","True","True","MEKANIK DAN TUKANG REPARASI MESIN","MEKANIK DAN TUKANG REPARASI MESIN","True","869","869","True"
"7231","True","True","MEKANIK DAN TUKANG REPARASI KENDARAAN BERMOTOR","MEKANIK DAN TUKANG REPARASI KENDARAAN BERMOTOR","True","870","870","True"
"7232","True","True","MEKANIK DAN TUKANG REPARASI MESIN PESAWAT","MEKANIK DAN TUKANG REPARASI MESIN PESAWAT","True","872","872","True"
"7233","True","True","MEKANIK DAN TUKANG REPARASI MESIN PERTANIAN DAN INDUSTRI","MEKANIK DAN TUKANG REPARASI MESIN PERTANIAN DAN INDUSTRI","True","875","875","True"
"7234","True","True","TUKANG REPARASI SEPEDA DAN YBDI","TUKANG REPARASI SEPEDA DAN YBDI","True","876","876","True"
"73","True","True","PEKERJA KERAJINAN DAN PERCETAKAN","PEKERJA KERAJINAN DAN PERCETAKAN","True","877","877","True"
"731","True","True","PEKERJA KERAJINAN","PEKERJA KERAJINAN","True","877","877","True"
"7311","True","True","PEMBUAT DAN TUKANG REPARASI PERALATAN PRESISI","PEMBUAT DAN TUKANG REPARASI PERALATAN PRESISI","True","878","878","True"
"7312","True","True","PEMBUAT DAN PENYETEM ALAT MUSIK","PEMBUAT DAN PENYETEM ALAT MUSIK","True","880","880","True"
"7313","True","True","PEKERJA PEMBUAT PERHIASAN DAN BARANG DARI LOGAM MULIA","PEKERJA PEMBUAT PERHIASAN DAN BARANG DARI LOGAM MULIA","True","882","882","True"
"7314","True","True","PEMBUAT TEMBIKAR DAN YBDI","PEMBUAT TEMBIKAR DAN YBDI","True","883","883","True"
"7315","True","True","PEMBUAT, PEMOTONG, PENGASAH, DAN PENYELESAI KACA","PEMBUAT, PEMOTONG, PENGASAH, DAN PENYELESAI KACA","True","885","885","True"
"7316","True","True","PEMBUAT PAPAN TANDA, PELUKIS DEKORATIF, PENGUKIR, DAN PENGETSA","PEMBUAT PAPAN TANDA, PELUKIS DEKORATIF, PENGUKIR, DAN PENGETSA","True","886","886","True"
"7317","True","True","PEMBUAT KERAJINAN DARI KAYU, KERANJANG ANYAMAN, DAN DARI BAHAN YBDI","PEMBUAT KERAJINAN DARI KAYU, KERANJANG ANYAMAN, DAN DARI BAHAN YBDI","True","888","888","True"
"7318","True","True","PEMBUAT KERAJINAN DARI TEKSTIL, KULIT, DAN BAHAN YBDI","PEMBUAT KERAJINAN DARI TEKSTIL, KULIT, DAN BAHAN YBDI","True","889","889","True"
"7319","True","True","PEMBUAT KERAJINAN YTDL","PEMBUAT KERAJINAN YTDL","True","891","891","True"
"732","True","True","PEKERJA PERCETAKAN","PEKERJA PERCETAKAN","True","892","892","True"
"7321","True","True","PEKERJA PRACETAK","PEKERJA PRACETAK","True","892","892","True"
"7322","True","True","PEKERJA PENCETAKAN","PEKERJA PENCETAKAN","True","894","894","True"
"7323","True","True","PEKERJA PENYELESAIAN DAN PENJILIDAN CETAKAN","PEKERJA PENYELESAIAN DAN PENJILIDAN CETAKAN","True","895","895","True"
"74","True","True","PEKERJA KELISTRIKAN DAN ELEKTRONIK","PEKERJA KELISTRIKAN DAN ELEKTRONIK","True","897","897","True"
"741","True","True","PEKERJA INSTALASI DAN REPARASI PERALATAN LISTRIK","PEKERJA INSTALASI DAN REPARASI PERALATAN LISTRIK","True","897","897","True"
"7411","True","True","PEKERJA KELISTRIKAN BANGUNAN DAN YBDI","PEKERJA KELISTRIKAN BANGUNAN DAN YBDI","True","898","898","True"
"7412","True","True","MEKANIK DAN PEMASANG PERALATAN LISTRIK","MEKANIK DAN PEMASANG PERALATAN LISTRIK","True","899","899","True"
"7413","True","True","PEKERJA INSTALASI DAN REPARASI JARINGAN LISTRIK","PEKERJA INSTALASI DAN REPARASI JARINGAN LISTRIK","True","900","900","True"
"742","True","True","PEKERJA INSTALASI DAN REPARASI ELEKTRONIK DAN TELEKOMUNIKASI","PEKERJA INSTALASI DAN REPARASI ELEKTRONIK DAN TELEKOMUNIKASI","True","901","901","True"
"7421","True","True","PEKERJA MEKANIK DAN SERVIS PERALATAN ELEKTRONIK","PEKERJA MEKANIK DAN SERVIS PERALATAN ELEKTRONIK","True","901","901","True"
"7422","True","True","PEKERJA INSTALASI DAN SERVIS PERALATAN TEKNOLOGI INFORMASI DAN KOMUNIKASI","PEKERJA INSTALASI DAN SERVIS PERALATAN TEKNOLOGI INFORMASI DAN KOMUNIKASI","True","903","903","True"
"75","True","True","PEKERJA PENGOLAHAN MAKANAN, KAYU, GARMEN, DAN YBDI","PEKERJA PENGOLAHAN MAKANAN, KAYU, GARMEN, DAN YBDI","True","904","904","True"
"751","True","True","PEKERJA PENGOLAHAN MAKANAN DAN YBDI","PEKERJA PENGOLAHAN MAKANAN DAN YBDI","True","905","905","True"
"7511","True","True","PEMOTONG HEWAN, PENJUAL IKAN SEGAR, DAN PENGOLAH MAKANAN YBDI","PEMOTONG HEWAN, PENJUAL IKAN SEGAR, DAN PENGOLAH MAKANAN YBDI","True","905","905","True"
"7512","True","True","PEMBUAT ROTI, KUE, DAN KEMBANG GULA","PEMBUAT ROTI, KUE, DAN KEMBANG GULA","True","907","907","True"
"7513","True","True","PEMBUAT PRODUK SUSU","PEMBUAT PRODUK SUSU","True","908","908","True"
"7514","True","True","PENGAWET BUAH, SAYUR, DAN YBDI","PENGAWET BUAH, SAYUR, DAN YBDI","True","909","909","True"
"7515","True","True","AHLI PENCICIP DAN PENILAI KUALITAS MAKANAN DAN MINUMAN","AHLI PENCICIP DAN PENILAI KUALITAS MAKANAN DAN MINUMAN","True","911","911","True"
"7516","True","True","PENGOLAH TEMBAKAU DAN PEMBUAT PRODUK TEMBAKAU","PENGOLAH TEMBAKAU DAN PEMBUAT PRODUK TEMBAKAU","True","912","912","True"
"752","True","True","PEKERJA PENGOLAHAN KAYU, PEMBUAT FURNITUR, DAN YBDI","PEKERJA PENGOLAHAN KAYU, PEMBUAT FURNITUR, DAN YBDI","True","913","913","True"
"7521","True","True","PEKERJA PENGAWETAN KAYU","PEKERJA PENGAWETAN KAYU","True","914","914","True"
"7522","True","True","PEMBUAT FURNITUR DAN YBDI","PEMBUAT FURNITUR DAN YBDI","True","915","915","True"
"7523","True","True","PENYETEL DAN OPERATOR MESIN PERKAKAS PENGOLAHAN KAYU","PENYETEL DAN OPERATOR MESIN PERKAKAS PENGOLAHAN KAYU","True","916","916","True"
"753","True","True","PEKERJA GARMEN DAN YBDI","PEKERJA GARMEN DAN YBDI","True","918","918","True"
"7531","True","True","PEMBUAT PAKAIAN, PAKAIAN DARI KULIT, DAN PENUTUP KEPALA","PEMBUAT PAKAIAN, PAKAIAN DARI KULIT, DAN PENUTUP KEPALA","True","918","918","True"
"7532","True","True","PEMBUAT DAN PEMOTONG POLA GARMEN DAN YBDI","PEMBUAT DAN PEMOTONG POLA GARMEN DAN YBDI","True","920","920","True"
"7533","True","True","TUKANG JAHIT, PENYULAM, DAN YBDI","TUKANG JAHIT, PENYULAM, DAN YBDI","True","921","921","True"
"7534","True","True","PELAPIS FURNITUR (UPHOLSTER) DAN YBDI","PELAPIS FURNITUR (UPHOLSTER) DAN YBDI","True","923","923","True"
"7535","True","True","PEMBERSIH KULIT, PENYAMAK KULIT, DAN PEWARNA KULIT","PEMBERSIH KULIT, PENYAMAK KULIT, DAN PEWARNA KULIT","True","924","924","True"
"7536","True","True","PEMBUAT SEPATU DAN YBDI","PEMBUAT SEPATU DAN YBDI","True","925","925","True"
"754","True","True","PEKERJA PENGOLAHAN LAINNYA DAN YBDI","PEKERJA PENGOLAHAN LAINNYA DAN YBDI","True","927","927","True"
"7541","True","True","PEKERJA BAWAH AIR","PEKERJA BAWAH AIR","True","927","927","True"
"7542","True","True","JURU LEDAK DAN JURU TEMBAK","JURU LEDAK DAN JURU TEMBAK","True","929","929","True"
"7543","True","True","PENGUJI DAN PENILAI KUALITAS PRODUK (SELAIN PRODUK MAKANAN DAN MINUMAN)","PENGUJI DAN PENILAI KUALITAS PRODUK (SELAIN PRODUK MAKANAN DAN MINUMAN)","True","930","930","True"
"7544","True","True","PENGENDALI DAN PEMBASMI HAMA DAN GULMA","PENGENDALI DAN PEMBASMI HAMA DAN GULMA","True","931","931","True"
"7549","True","True","PEKERJA PENGOLAHAN LAINNYA YTDL","PEKERJA PENGOLAHAN LAINNYA YTDL","True","932","932","True"
"8","True","True","OPERATOR DAN PERAKIT MESIN","OPERATOR DAN PERAKIT MESIN","True","937","937","True"
"81","True","True","OPERATOR MESIN STASIONER DAN YBDI","OPERATOR MESIN STASIONER DAN YBDI","True","937","937","True"
"811","True","True","OPERATOR MESIN PENGOLAHAN BAHAN TAMBANG DAN MINERAL","OPERATOR MESIN PENGOLAHAN BAHAN TAMBANG DAN MINERAL","True","938","938","True"
"8111","True","True","PEKERJA TAMBANG DAN PEKERJA PENGGALIAN","PEKERJA TAMBANG DAN PEKERJA PENGGALIAN","True","938","938","True"
"8112","True","True","OPERATOR MESIN PENGOLAHAN BIJIH MINERAL DAN BATU","OPERATOR MESIN PENGOLAHAN BIJIH MINERAL DAN BATU","True","942","942","True"
"8113","True","True","PEKERJA PENGEBORAN DAN PENGGALIAN SUMUR YBDI","PEKERJA PENGEBORAN DAN PENGGALIAN SUMUR YBDI","True","944","944","True"
"8114","True","True","OPERATOR MESIN PENGOLAHAN SEMEN, BATU, DAN MINERAL LAINNYA","OPERATOR MESIN PENGOLAHAN SEMEN, BATU, DAN MINERAL LAINNYA","True","946","946","True"
"812","True","True","OPERATOR MESIN PENGOLAHAN LOGAM","OPERATOR MESIN PENGOLAHAN LOGAM","True","949","949","True"
"8121","True","True","OPERATOR MESIN PENGOLAHAN LOGAM","OPERATOR MESIN PENGOLAHAN LOGAM","True","949","949","True"
"8122","True","True","OPERATOR MESIN PENYELESAIAN, PENYEPUHAN, DAN PELAPISAN LOGAM","OPERATOR MESIN PENYELESAIAN, PENYEPUHAN, DAN PELAPISAN LOGAM","True","951","951","True"
"813","True","True","OPERATOR MESIN PENGOLAHAN BAHAN KIMIA DAN FOTOGRAFI","OPERATOR MESIN PENGOLAHAN BAHAN KIMIA DAN FOTOGRAFI","True","953","953","True"
"8131","True","True","OPERATOR MESIN PENGOLAHAN BAHAN KIMIA","OPERATOR MESIN PENGOLAHAN BAHAN KIMIA","True","954","954","True"
"8132","True","True","OPERATOR MESIN PENGOLAHAN PRODUK FOTOGRAFI","OPERATOR MESIN PENGOLAHAN PRODUK FOTOGRAFI","True","957","957","True"
"814","True","True","OPERATOR MESIN PENGOLAHAN KARET, PLASTIK, DAN KERTAS","OPERATOR MESIN PENGOLAHAN KARET, PLASTIK, DAN KERTAS","True","958","958","True"
"8141","True","True","OPERATOR MESIN PENGOLAHAN KARET","OPERATOR MESIN PENGOLAHAN KARET","True","959","959","True"
"8142","True","True","OPERATOR MESIN PENGOLAHAN PLASTIK","OPERATOR MESIN PENGOLAHAN PLASTIK","True","961","961","True"
"8143","True","True","OPERATOR MESIN PENGOLAHAN KERTAS","OPERATOR MESIN PENGOLAHAN KERTAS","True","963","963","True"
"815","True","True","OPERATOR MESIN PENGOLAHAN TEKSTIL, KULIT, DAN BULU","OPERATOR MESIN PENGOLAHAN TEKSTIL, KULIT, DAN BULU","True","965","965","True"
"8151","True","True","OPERATOR MESIN PENYIAPAN, PEMINTALAN, DAN PENGGULUNGAN SERAT","OPERATOR MESIN PENYIAPAN, PEMINTALAN, DAN PENGGULUNGAN SERAT","True","966","966","True"
"8152","True","True","OPERATOR MESIN TENUN DAN RAJUT","OPERATOR MESIN TENUN DAN RAJUT","True","968","968","True"
"8153","True","True","OPERATOR MESIN JAHIT","OPERATOR MESIN JAHIT","True","969","969","True"
"8154","True","True","OPERATOR MESIN PEMUTIHAN, PENCELUPAN, DAN PEMBERSIHAN KAIN","OPERATOR MESIN PEMUTIHAN, PENCELUPAN, DAN PEMBERSIHAN KAIN","True","971","971","True"
"8155","True","True","OPERATOR MESIN PENYIAPAN BULU DAN KULIT","OPERATOR MESIN PENYIAPAN BULU DAN KULIT","True","972","972","True"
"8156","True","True","OPERATOR MESIN PEMBUAT SEPATU DAN YBDI","OPERATOR MESIN PEMBUAT SEPATU DAN YBDI","True","974","974","True"
"8157","True","True","OPERATOR MESIN PENATU","OPERATOR MESIN PENATU","True","974","974","True"
"8159","True","True","OPERATOR MESIN PENGOLAHAN TEKSTIL, BULU, DAN KULIT YTDL","OPERATOR MESIN PENGOLAHAN TEKSTIL, BULU, DAN KULIT YTDL","True","976","976","True"
"816","True","True","OPERATOR MESIN PENGOLAHAN MAKANAN DAN YBDI","OPERATOR MESIN PENGOLAHAN MAKANAN DAN YBDI","True","977","977","True"
"8160","True","True","OPERATOR MESIN PENGOLAHAN MAKANAN DAN YBDI","OPERATOR MESIN PENGOLAHAN MAKANAN DAN YBDI","True","978","978","True"
"817","True","True","OPERATOR MESIN PENGOLAHAN KAYU DAN PEMBUATAN KERTAS","OPERATOR MESIN PENGOLAHAN KAYU DAN PEMBUATAN KERTAS","True","981","981","True"
"8171","True","True","OPERATOR MESIN PENGOLAHAN BUBUR KERTAS DAN PEMBUATAN KERTAS","OPERATOR MESIN PENGOLAHAN BUBUR KERTAS DAN PEMBUATAN KERTAS","True","981","981","True"
"8172","True","True","OPERATOR MESIN PENGOLAHAN KAYU","OPERATOR MESIN PENGOLAHAN KAYU","True","983","983","True"
"818","True","True","OPERATOR MESIN STASIONER LAINNYA","OPERATOR MESIN STASIONER LAINNYA","True","985","985","True"
"8181","True","True","OPERATOR MESIN PENGOLAHAN KACA DAN KERAMIK","OPERATOR MESIN PENGOLAHAN KACA DAN KERAMIK","True","985","985","True"
"8182","True","True","OPERATOR MESIN UAP DAN KETEL UAP","OPERATOR MESIN UAP DAN KETEL UAP","True","988","988","True"
"8183","True","True","OPERATOR MESIN PENGISIAN BOTOL, PELABELAN, DAN PENGEMASAN","OPERATOR MESIN PENGISIAN BOTOL, PELABELAN, DAN PENGEMASAN","True","991","991","True"
"8189","True","True","OPERATOR MESIN STASIONER YTDL","OPERATOR MESIN STASIONER YTDL","True","992","992","True"
"82","True","True","PERAKIT","PERAKIT","True","993","993","True"
"821","True","True","PERAKIT","PERAKIT","True","993","993","True"
"8211","True","True","PERAKIT MESIN MEKANIK","PERAKIT MESIN MEKANIK","True","994","994","True"
"8212","True","True","PERAKIT PERALATAN LISTRIK DAN ELEKTRONIK","PERAKIT PERALATAN LISTRIK DAN ELEKTRONIK","True","996","996","True"
"8219","True","True","PERAKIT YTDL","PERAKIT YTDL","True","998","998","True"
"83","True","True","PENGEMUDI DAN OPERATOR MESIN BERGERAK","PENGEMUDI DAN OPERATOR MESIN BERGERAK","True","1001","1001","True"
"831","True","True","MASINIS MESIN LOKOMOTIF DAN YBDI","MASINIS MESIN LOKOMOTIF DAN YBDI","True","1002","1002","True"
"8311","True","True","MASINIS MESIN LOKOMOTIF","MASINIS MESIN LOKOMOTIF","True","1002","1002","True"
"8312","True","True","OPERATOR REM, SINYAL, DAN LANGSIR KERETA API","OPERATOR REM, SINYAL, DAN LANGSIR KERETA API","True","1003","1003","True"
"832","True","True","PENGEMUDI MOBIL, VAN, DAN SEPEDA MOTOR","PENGEMUDI MOBIL, VAN, DAN SEPEDA MOTOR","True","1005","1005","True"
"8321","True","True","PENGEMUDI SEPEDA MOTOR","PENGEMUDI SEPEDA MOTOR","True","1005","1005","True"
"8322","True","True","PENGEMUDI MOBIL, TAKSI, DAN VAN","PENGEMUDI MOBIL, TAKSI, DAN VAN","True","1007","1007","True"
"833","True","True","PENGEMUDI TRUK BERAT DAN BUS","PENGEMUDI TRUK BERAT DAN BUS","True","1008","1008","True"
"8331","True","True","PENGEMUDI BUS DAN TREM","PENGEMUDI BUS DAN TREM","True","1008","1008","True"
"8332","True","True","PENGEMUDI TRUK BERAT DAN TRUK KONTAINER","PENGEMUDI TRUK BERAT DAN TRUK KONTAINER","True","1009","1009","True"
"834","True","True","OPERATOR MESIN BERGERAK","OPERATOR MESIN BERGERAK","True","1011","1011","True"
"8341","True","True","OPERATOR MESIN BERGERAK PERTANIAN DAN KEHUTANAN","OPERATOR MESIN BERGERAK PERTANIAN DAN KEHUTANAN","True","1011","1011","True"
"8342","True","True","OPERATOR MESIN PENGERUK TANAH DAN YBDI","OPERATOR MESIN PENGERUK TANAH DAN YBDI","True","1013","1013","True"
"8343","True","True","OPERATOR MESIN DEREK/CRANE, PENGEREK/HOIST, DAN YBDI","OPERATOR MESIN DEREK/CRANE, PENGEREK/HOIST, DAN YBDI","True","1017","1017","True"
"8344","True","True","OPERATOR FORKLIFT","OPERATOR FORKLIFT","True","1019","1019","True"
"835","True","True","AWAK GELADAK KAPAL DAN YBDI","AWAK GELADAK KAPAL DAN YBDI","True","1020","1020","True"
"8350","True","True","AWAK GELADAK KAPAL DAN YBDI","AWAK GELADAK KAPAL DAN YBDI","True","1020","1020","True"
"9","True","True","PEKERJA KASAR","PEKERJA KASAR","True","1025","1025","True"
"91","True","True","TENAGA KEBERSIHAN DAN JURU BANTU","TENAGA KEBERSIHAN DAN JURU BANTU","True","1025","1025","True"
"911","True","True","TENAGA KEBERSIHAN DAN JURU BANTU RUMAH TANGGA, HOTEL, DAN KANTOR","TENAGA KEBERSIHAN DAN JURU BANTU RUMAH TANGGA, HOTEL, DAN KANTOR","True","1026","1026","True"
"9111","True","True","TENAGA KEBERSIHAN DAN JURU BANTU RUMAH TANGGA","TENAGA KEBERSIHAN DAN JURU BANTU RUMAH TANGGA","True","1026","1026","True"
"9112","True","True","TENAGA KEBERSIHAN DAN JURU BANTU DI KANTOR, HOTEL, DAN TEMPAT LAINNYA","TENAGA KEBERSIHAN DAN JURU BANTU DI KANTOR, HOTEL, DAN TEMPAT LAINNYA","True","1027","1027","True"
"912","True","True","TENAGA CUCI KENDARAAN, JENDELA, BINATU, DAN TENAGA KEBERSIHAN DENGAN TANGAN LAINNYA","TENAGA CUCI KENDARAAN, JENDELA, BINATU, DAN TENAGA KEBERSIHAN DENGAN TANGAN LAINNYA","True","1029","1029","True"
"9121","True","True","TENAGA CUCI DAN SETRIKA DENGAN TANGAN","TENAGA CUCI DAN SETRIKA DENGAN TANGAN","True","1030","1030","True"
"9122","True","True","TENAGA CUCI KENDARAAN","TENAGA CUCI KENDARAAN","True","1031","1031","True"
"9123","True","True","TENAGA PEMBERSIH JENDELA","TENAGA PEMBERSIH JENDELA","True","1032","1032","True"
"9129","True","True","TENAGA KEBERSIHAN LAINNYA","TENAGA KEBERSIHAN LAINNYA","True","1032","1032","True"
"92","True","True","BURUH PERTANIAN, KEHUTANAN, DAN PERIKANAN","BURUH PERTANIAN, KEHUTANAN, DAN PERIKANAN","True","1034","1034","True"
"921","True","True","BURUH PERTANIAN, KEHUTANAN, DAN PERIKANAN","BURUH PERTANIAN, KEHUTANAN, DAN PERIKANAN","True","1034","1034","True"
"9211","True","True","BURUH PERTANIAN","BURUH PERTANIAN","True","1035","1035","True"
"9212","True","True","BURUH PETERNAKAN","BURUH PETERNAKAN","True","1038","1038","True"
"9213","True","True","BURUH CAMPURAN PERTANIAN DAN PETERNAKAN","BURUH CAMPURAN PERTANIAN DAN PETERNAKAN","True","1039","1039","True"
"9214","True","True","BURUH KEBUN BIBIT DAN TAMAN","BURUH KEBUN BIBIT DAN TAMAN","True","1040","1040","True"
"9215","True","True","BURUH KEHUTANAN","BURUH KEHUTANAN","True","1041","1041","True"
"9216","True","True","BURUH PENANGKAPAN DAN BUDIDAYA PERIKANAN","BURUH PENANGKAPAN DAN BUDIDAYA PERIKANAN","True","1042","1042","True"
"93","True","True","BURUH PERTAMBANGAN, KONSTRUKSI, INDUSTRI PENGOLAHAN, DAN TRANSPORTASI","BURUH PERTAMBANGAN, KONSTRUKSI, INDUSTRI PENGOLAHAN, DAN TRANSPORTASI","True","1043","1043","True"
"931","True","True","BURUH PERTAMBANGAN DAN KONSTRUKSI","BURUH PERTAMBANGAN DAN KONSTRUKSI","True","1044","1044","True"
"9311","True","True","BURUH PERTAMBANGAN DAN PENGGALIAN","BURUH PERTAMBANGAN DAN PENGGALIAN","True","1044","1044","True"
"9312","True","True","BURUH TEKNIK SIPIL","BURUH TEKNIK SIPIL","True","1045","1045","True"
"9313","True","True","BURUH BANGUNAN","BURUH BANGUNAN","True","1046","1046","True"
"932","True","True","BURUH INDUSTRI PENGOLAHAN","BURUH INDUSTRI PENGOLAHAN","True","1048","1048","True"
"9321","True","True","BURUH PENGEMASAN","BURUH PENGEMASAN","True","1048","1048","True"
"9329","True","True","BURUH INDUSTRI PENGOLAHAN YTDL","BURUH INDUSTRI PENGOLAHAN YTDL","True","1050","1050","True"
"933","True","True","BURUH TRANSPORTASI DAN PERGUDANGAN","BURUH TRANSPORTASI DAN PERGUDANGAN","True","1052","1052","True"
"9331","True","True","PENGEMUDI BECAK DAN KENDARAAN BERPEDAL","PENGEMUDI BECAK DAN KENDARAAN BERPEDAL","True","1052","1052","True"
"9332","True","True","PENGEMUDI KENDARAAN DAN PERALATAN YANG DITARIK HEWAN","PENGEMUDI KENDARAAN DAN PERALATAN YANG DITARIK HEWAN","True","1053","1053","True"
"9333","True","True","PEKERJA PENANGANAN KARGO","PEKERJA PENANGANAN KARGO","True","1054","1054","True"
"9334","True","True","BURUH PENATA BARANG","BURUH PENATA BARANG","True","1056","1056","True"
"94","True","True","ASISTEN PENYIAPAN MAKANAN","ASISTEN PENYIAPAN MAKANAN","True","1056","1056","True"
"941","True","True","ASISTEN PENYIAPAN MAKANAN","ASISTEN PENYIAPAN MAKANAN","True","1057","1057","True"
"9411","True","True","ASISTEN JURU MASAK","ASISTEN JURU MASAK","True","1057","1057","True"
"9412","True","True","JURU BANTU DAPUR","JURU BANTU DAPUR","True","1058","1058","True"
"95","True","True","PEDAGANG DAN PEKERJA JASA JALANAN","PEDAGANG DAN PEKERJA JASA JALANAN","True","1061","1061","True"
"951","True","True","PEKERJA JASA JALANAN DAN YBDI","PEKERJA JASA JALANAN DAN YBDI","True","1062","1062","True"
"9510","True","True","PEKERJA JASA JALANAN DAN YBDI","PEKERJA JASA JALANAN DAN YBDI","True","1062","1062","True"
"952","True","True","PEDAGANG KELILING DAN ASONGAN (SELAIN MAKANAN)","PEDAGANG KELILING DAN ASONGAN (SELAIN MAKANAN)","True","1064","1064","True"
"9520","True","True","PEDAGANG KELILING DAN ASONGAN (SELAIN MAKANAN)","PEDAGANG KELILING DAN ASONGAN (SELAIN MAKANAN)","True","1064","1064","True"
"96","True","True","PEKERJA SAMPAH DAN PEKERJA KASAR LAINNYA","PEKERJA SAMPAH DAN PEKERJA KASAR LAINNYA","True","1065","1065","True"
"961","True","True","PEKERJA SAMPAH","PEKERJA SAMPAH","True","1066","1066","True"
"9611","True","True","PENGANGKUT SAMPAH","PENGANGKUT SAMPAH","True","1066","1066","True"
"9612","True","True","PENYORTIR SAMPAH","PENYORTIR SAMPAH","True","1067","1067","True"
"9613","True","True","TUKANG SAPU DAN YBDI","TUKANG SAPU DAN YBDI","True","1069","1069","True"
"962","True","True","PEKERJA KASAR LAINNYA","PEKERJA KASAR LAINNYA","True","1069","1069","True"
"9621","True","True","KURIR, PENGANTAR PAKET, DAN KULI ANGKUT BARANG","KURIR, PENGANTAR PAKET, DAN KULI ANGKUT BARANG","True","1070","1070","True"
"9622","True","True","PEKERJA SERABUTAN","PEKERJA SERABUTAN","True","1071","1071","True"
"9623","True","True","PEMBACA METERAN DAN PENGUMPUL MESIN VENDING","PEMBACA METERAN DAN PENGUMPUL MESIN VENDING","True","1072","1072","True"
"9624","True","True","PENGUMPUL AIR DAN KAYU BAKAR","PENGUMPUL AIR DAN KAYU BAKAR","True","1073","1073","True"
"9629","True","True","PEKERJA KASAR YTDL","PEKERJA KASAR YTDL","True","1074","1074","True"
